fixed_acidity,volatile_acidity,citric_acid,residual_sugar,chlorides,free_S_dioxide,total_S_dioxide,density,pH,sulphates,alcohol,quality
7.4,0.7,2.82,0.178,1.14,11,51.2,0.9978,3.51,0.56,2.95,5
7.8,0.88,2.16,1.36,2.14,25,45.1,0.9968,3.2,0.68,7.04,5
7.8,0.76,2.21,3.08,1.02,15,43.7,0.997,3.26,0.65,2.14,5
11.2,0.28,0.745,7.15,1.09,17,48.6,0.998,3.16,0.58,8.64,6
7.4,0.7,1.7,0.294,1.81,11,51.8,0.9978,3.51,0.56,19.2,5
7.4,0.66,2.06,2.48,1.8,13,43.7,0.9978,3.51,0.56,8.5,5
7.9,0.6,0.608,3.32,1.25,15,47.1,0.9964,3.3,0.46,12.7,5
7.3,0.65,0.903,1.46,0.25,15,39.6,0.9946,3.39,0.47,12.7,7
7.8,0.58,1.75,5.59,1.87,9,47.1,0.9968,3.36,0.57,13.8,7
7.5,0.5,2.21,2.86,1.54,17,39.8,0.9978,3.35,0.8,15.5,5
6.7,0.58,0.0203,7.95,1.1,15,40.6,0.9959,3.28,0.54,16.2,5
7.5,0.5,1.55,0.856,1.62,17,40.2,0.9978,3.35,0.8,5.19,5
5.6,0.615,1.3,6.03,1.53,16,51,0.9943,3.58,0.52,11.6,5
7.8,0.61,0.866,3.35,0.499,9,44.9,0.9974,3.26,1.56,11.5,5
8.9,0.62,1.3,0.761,1.83,52,39.9,0.9986,3.16,0.88,9.78,5
8.9,0.62,1.16,3.37,3.03,51,51.7,0.9986,3.17,0.93,2.61,5
8.5,0.28,2.78,2,0.603,35,35.4,0.9969,3.3,0.75,12.3,7
8.1,0.56,2.6,6.64,0.528,16,39,0.9968,3.11,1.28,1.77,5
7.4,0.59,3.53,4.22,1.11,6,50.4,0.9974,3.38,0.5,0.816,4
7.9,0.32,1.14,7.61,4.47,17,45.9,0.9969,3.04,1.08,19.4,6
8.9,0.22,0.244,1.33,1.73,29,45.2,0.9968,3.39,0.53,6.78,6
7.6,0.39,3.27,2.44,0.43,23,48.7,0.9982,3.52,0.65,4.34,5
7.9,0.43,2.09,4.45,0.741,10,48.8,0.9966,3.17,0.91,3.97,5
8.5,0.49,1.02,6.12,0.236,9,52.4,0.9968,3.17,0.53,20.3,5
6.9,0.4,1.2,0.421,0.492,21,47.1,0.9968,3.43,0.63,7.46,6
6.3,0.39,2.55,9.18,4.51,11,46.6,0.9955,3.34,0.56,4.69,5
7.6,0.41,2.23,1.74,4.06,4,43.2,0.9962,3.28,0.59,18.1,5
7.9,0.43,1.25,0.432,1.36,10,39.9,0.9966,3.17,0.91,17.6,5
7.1,0.71,4.29,6.27,0.104,14,55,0.9972,3.47,0.55,9.02,5
7.8,0.645,1.11,9.73,2.93,8,43.5,0.9964,3.38,0.59,8.52,6
6.7,0.675,2.45,6.89,0.654,17,39.5,0.9958,3.35,0.54,23,5
6.9,0.685,2.81,1.24,0.879,22,46.2,0.9966,3.46,0.57,6.32,6
8.3,0.655,4.97,2.16,2.48,15,47.7,0.9966,3.17,0.66,12.1,5
6.9,0.605,0.554,0.14,0.728,40,50,0.9993,3.45,0.52,14.4,6
5.2,0.32,0.807,0.885,0.414,13,44.5,0.9957,3.38,0.55,12.1,5
7.8,0.645,0.308,0.043,0.166,5,55.1,0.9986,3.4,0.55,9.51,6
7.8,0.6,0.877,8.14,0.803,3,42.2,0.9975,3.42,0.6,6.83,6
8.1,0.38,2.16,2.29,0.554,13,46.6,0.9968,3.23,0.73,11.4,7
5.7,1.13,1.87,6.67,0.418,7,46.2,0.994,3.5,0.48,6.8,4
7.3,0.45,2.92,2.36,0.39,12,46.3,0.9978,3.33,0.83,15.4,5
7.3,0.45,0.808,3.59,3.56,12,39.3,0.9978,3.33,0.83,9.72,5
8.8,0.61,0.752,1.76,0.412,17,47.8,0.9976,3.26,0.51,15.9,4
7.5,0.49,2.22,4.66,1.62,8,43.9,0.9968,3.21,0.9,13.5,6
8.1,0.66,2.82,3.55,0.452,9,41,0.9968,3.3,1.2,9.02,5
6.8,0.67,0.653,3.89,1.88,5,49.9,0.9962,3.48,0.52,15.1,5
4.6,0.52,2.36,3.4,3.61,8,48.2,0.9934,3.9,0.56,17.4,4
7.7,0.935,2.69,0.837,0.363,22,43,0.997,3.25,0.73,9.83,5
8.7,0.29,0.424,1.91,1.5,12,49,0.9969,3.25,0.58,11.2,5
6.4,0.4,0.0237,4.44,3.31,5,42.6,0.9958,3.34,0.56,11.4,5
5.6,0.31,1.12,2.91,2.59,12,53.1,0.9954,3.32,0.58,4.38,5
8.8,0.66,1.8,0.867,1.23,4,51.5,0.9971,3.15,0.74,16,5
6.6,0.52,2.4,5.48,1.47,8,46.7,0.9956,3.4,0.63,6.89,6
6.6,0.5,1.54,4.26,1.31,6,47,0.9955,3.39,0.64,3.34,6
8.6,0.38,2.1,1.61,2.34,30,47.4,0.997,3.2,0.56,4.68,5
7.6,0.51,2.81,3.14,0.0885,33,60.3,0.9955,3.17,0.63,2.44,6
7.7,0.62,1.58,6.66,3.54,25,48.9,0.9978,3.34,0.53,7.91,5
10.2,0.42,0.948,1.18,1.85,4,45.1,0.9971,3.04,0.63,0.557,5
7.5,0.63,2.16,2.26,1.58,50,53.8,0.9983,3.26,0.77,20.3,5
7.8,0.59,1.6,2.12,1.84,17,38.5,0.9975,3.43,0.59,9.53,5
7.3,0.39,0.342,7.81,0.763,9,47.6,0.9962,3.41,0.54,9.37,6
8.8,0.4,1.12,1.83,0.77,19,49.5,0.998,3.44,0.64,14.4,5
7.7,0.69,2.04,2.19,1.39,20,42.9,0.9968,3.21,0.71,13.1,5
7.5,0.52,0.818,1.13,1.17,12,46,0.9968,3.38,0.62,0.134,7
7,0.735,0.721,2.13,1.07,13,49.1,0.9966,3.39,0.57,12.3,5
7.2,0.725,2.19,3.94,0.0899,4,51.7,0.9962,3.41,0.39,3.7,5
7.2,0.725,0.131,6.14,1.35,4,47.1,0.9962,3.41,0.39,15.3,5
7.5,0.52,2.2,5.18,3.07,11,46.6,0.9968,3.42,0.58,5.47,5
6.6,0.705,0.489,3.97,0.355,6,43.5,0.9962,3.44,0.58,20.4,5
9.3,0.32,2.28,3.98,0.49,27,47.9,0.9969,3.28,0.79,4.28,5
8,0.705,1.08,2.79,1.63,8,43.4,0.9962,3.34,0.95,16.9,6
7.7,0.63,2.1,3.42,2.48,15,49.9,0.9967,3.32,0.54,13.4,6
7.7,0.67,0.492,7.29,1.67,17,44.5,0.9962,3.32,0.48,4.55,5
7.7,0.69,0.521,4.89,1.06,18,41.8,0.9961,3.31,0.48,13.9,5
8.3,0.675,0.238,0.908,1.81,11,34.4,0.9976,3.31,0.53,2.44,4
9.7,0.32,2.57,9.76,1.57,28,53.1,0.9984,3.28,0.82,2.17,5
8.8,0.41,1.55,0.142,1.37,9,59.1,0.9986,3.54,0.66,13.3,5
8.8,0.41,2.11,4.49,0.631,9,47.3,0.9986,3.54,0.66,6.81,5
6.8,0.785,1,7.11,1.42,14,49.3,0.9966,3.52,0.55,12.4,6
6.7,0.75,0.368,1.24,3.06,12,37.3,0.9958,3.38,0.52,18.6,5
8.3,0.625,3.75,1.34,0.38,27,45,0.9972,3.16,1.12,9.83,4
6.2,0.45,1.79,3.88,0.651,3,38,0.9958,3.41,0.56,14,5
7.8,0.43,2.5,5.22,3.8,22,38.5,0.9974,3.13,1.28,17.5,5
7.4,0.5,0.791,0.543,0.579,21,41.6,0.997,3.36,0.57,9.74,5
7.3,0.67,1.38,0.114,0.944,16,33.7,0.9969,3.16,1.14,9.05,5
6.3,0.3,2.57,7.63,1.08,18,60.2,0.9959,3.44,0.78,9.52,6
6.9,0.55,0.564,6.38,0.26,19,55.5,0.9961,3.41,0.59,18.3,5
8.6,0.49,1.24,2.14,1.8,20,55.8,0.9972,2.93,1.95,1.29,6
7.7,0.49,1.77,2.75,0.671,9,44.3,0.9966,3.39,0.64,10.9,5
9.3,0.39,1.09,4.42,0.162,34,49.5,0.9978,3.14,1.22,3.5,5
7,0.62,0.366,2.72,0.369,8,51.4,0.9978,3.48,0.53,7.59,5
7.9,0.52,1.37,7.59,0.189,42,51.3,0.9964,3.23,0.54,13.5,5
8.6,0.49,1.91,5.65,4.16,20,47.3,0.9972,2.93,1.95,17.2,6
8.6,0.49,1.59,8.09,0.276,19,44.5,0.9972,2.93,1.98,2.67,5
7.7,0.49,1.73,3.56,0.766,9,39.9,0.9966,3.39,0.64,4.52,5
5,1.02,1.32,0.576,3.73,41,53.2,0.9938,3.75,0.48,14.3,4
4.7,0.6,1.2,4.11,2.93,17,59,0.9932,3.85,0.6,16.5,6
6.8,0.775,0.828,6.38,3.28,8,44.8,0.9965,3.45,0.56,19.8,5
7,0.5,2.07,5.59,2.11,3,49.9,0.9963,3.25,0.63,11.6,5
7.6,0.9,1.47,2.67,0.269,5,46.1,0.9967,3.39,0.56,7.84,5
8.1,0.545,1.36,0.0395,1.4,13,49.9,0.9972,3.3,0.59,8.53,6
8.3,0.61,0.149,1.03,2.99,11,46.9,0.9972,3.4,0.61,7.08,6
7.8,0.5,0.0332,4.84,1.52,8,48.2,0.9959,3.31,0.56,10.5,6
8.1,0.545,0.8,6.42,1.1,13,54.1,0.9972,3.3,0.59,10.4,6
8.1,0.575,1.65,2.25,0.578,12,47.5,0.9967,3.29,0.51,15.4,5
7.2,0.49,1.82,0.935,1.93,5,42.2,0.996,3.33,0.48,7.14,5
8.1,0.575,1.43,4.26,1.32,12,41.6,0.9967,3.29,0.51,11.9,5
7.8,0.41,1.59,5.87,0.435,18,50.2,0.9973,3.08,1.31,16.4,5
6.2,0.63,2.82,0.18,0.896,15,47.4,0.9969,3.46,0.79,2.18,5
8,0.33,2.33,4.73,2.29,18,37.7,0.9976,3.37,0.8,22.7,6
8.1,0.785,3.05,0.537,0.873,37,46.4,0.9969,3.21,0.69,4.33,5
7.8,0.56,0.72,3.31,0.00172,12,47.8,0.9964,3.19,0.93,10,5
8.4,0.62,0.0988,0.489,0.334,11,43.5,0.9964,3.15,0.66,4.54,5
8.4,0.6,0.468,0.795,0.836,14,36.5,0.9964,3.15,0.66,19.2,5
10.1,0.31,1.65,3.12,1.78,22,45,0.9988,3.32,0.67,8.27,6
7.8,0.56,1.67,5.51,1.27,12,39.3,0.9964,3.19,0.93,11.1,5
9.4,0.4,0.836,2.13,0.0576,13,37.1,0.9966,3.07,0.63,13.6,6
8.3,0.54,3.89,2.84,3.38,11,50.4,0.9978,3.39,0.61,11.9,6
7.8,0.56,0.662,6.1,0.323,7,46.4,0.997,3.37,0.5,13.6,6
8.8,0.55,0.778,1.73,0.172,14,36.1,0.9962,3.21,0.6,11.8,6
7,0.69,1.2,2.03,1.3,22,39.2,0.9959,3.34,0.54,21,6
7.3,1.07,1.65,2.77,2.38,10,43.8,0.9962,3.3,0.57,17.1,5
8.8,0.55,2.82,2.77,0.651,14,46.8,0.9962,3.21,0.6,13.8,6
7.3,0.695,0.866,2.26,1.66,3,44.3,0.998,3.49,0.52,8.21,5
8,0.71,0.704,3.11,0.25,11,49.4,0.9976,3.44,0.53,6.72,5
7.8,0.5,1.01,1.48,0.291,21,38.4,0.996,3.39,0.48,18.5,5
9,0.62,0.79,4.6,0.514,27,52.1,0.9984,3.16,0.7,11.5,5
8.2,1.33,0.172,6.12,0.0445,3,45.9,0.9964,3.53,0.49,2.33,5
8.1,1.33,3.83,8.76,2.48,3,44.3,0.9964,3.54,0.48,5.25,5
8,0.59,3.63,6.42,3.06,3,41.2,0.9962,3.42,0.92,10,7
6.1,0.38,1.68,6.41,0.183,6,44.2,0.9955,3.42,0.57,17.2,5
8,0.745,0.15,2.86,0.249,30,43.2,0.9968,3.24,0.66,14.2,5
5.6,0.5,3.86,1.36,2.7,17,50.7,0.9937,3.63,0.63,1.56,5
5.6,0.5,0.161,4.59,1.45,17,39.9,0.9937,3.63,0.63,7.77,5
6.6,0.5,1.71,6.1,2.67,17,41.4,0.9952,3.4,0.58,4.49,6
7.9,1.04,0.586,0.834,2.01,13,57.6,0.9959,3.22,0.55,17.8,6
8.4,0.745,2.22,3.24,2.62,16,50.3,0.9965,3.19,0.82,21,5
8.3,0.715,2.33,4.36,0.197,10,40.2,0.9968,3.23,0.77,15.7,5
7.2,0.415,2.15,2.79,0.0871,13,39.4,0.9972,3.48,0.64,4.52,5
7.8,0.56,2.46,1.03,1.6,15,38.4,0.9962,3.33,0.54,22.1,5
7.8,0.56,2.64,2.75,1.88,17,41.5,0.9962,3.32,0.54,14.9,5
8.4,0.745,0.339,0.839,0.429,16,44,0.9965,3.19,0.82,17.4,5
8.3,0.715,0.528,4.4,1.37,10,49.3,0.9968,3.23,0.77,19,5
5.2,0.34,3.13,2.5,1.24,27,49.6,0.9916,3.68,0.79,17.5,6
6.3,0.39,2.32,2.67,1.92,3,45.5,0.9954,3.34,0.58,9.42,5
5.2,0.34,1.75,1.57,3,27,52.2,0.9916,3.68,0.79,8.84,6
8.1,0.67,1.08,5.54,0.737,32,45.5,0.9968,3.17,0.62,16.4,5
5.8,0.68,2.71,1.49,0.946,21,47.5,0.9944,3.54,0.52,16.8,5
7.6,0.49,0.672,0.914,0.654,10,39.1,0.9968,3.11,0.8,0.673,5
6.9,0.49,2.23,3.88,0.843,12,52.4,0.9959,3.42,0.58,11.4,6
8.2,0.4,3.35,1.18,1.51,11,46.8,0.9975,3.53,0.61,11.1,6
7.3,0.33,2.89,3.65,3.16,5,48.7,0.9958,3.33,0.53,10.7,6
9.2,0.52,0.267,6.11,3.09,32,48,0.9996,2.74,2,1.23,4
7.5,0.6,3.59,6.06,0.583,25,46.4,0.995,3.35,0.54,7.28,5
7.5,0.6,1.63,3.35,1.69,25,44.3,0.995,3.35,0.54,0.722,5
7.1,0.43,2.68,0.258,2.63,29,48.9,0.9973,3.42,0.72,10,5
7.1,0.43,2.72,7.17,1,28,41.5,0.9973,3.42,0.71,10.5,5
7.1,0.43,2.54,3.23,0.69,29,48.2,0.9973,3.42,0.72,2.32,5
7.1,0.43,2.06,2.44,2.04,28,47.7,0.9973,3.42,0.71,9.56,5
7.1,0.68,2.44,4.46,0.127,12,46.8,0.9969,3.48,0.5,10.1,5
6.8,0.6,0.409,2.63,0.71,18,45.9,0.9968,3.59,0.57,0.869,6
7.6,0.95,2.89,8.82,1.91,7,36,0.9959,3.2,0.56,3.42,5
7.6,0.68,1.28,1.42,2.96,9,39.4,0.9965,3.17,1.08,13.7,4
7.8,0.53,1.46,7.92,0.315,17,43.5,0.9964,3.33,0.56,7.8,6
7.4,0.6,1.49,4.17,0.622,36,44.7,0.9982,3.37,0.49,16,5
7.3,0.59,0.862,0.464,0.843,35,38.1,0.9981,3.37,0.49,3.2,5
7.8,0.63,3.26,1.49,1.6,14,55.2,0.9961,3.19,0.62,21,5
6.8,0.64,2.91,8.77,1.52,18,44.9,0.9956,3.34,0.52,6.45,5
7.3,0.55,2.85,7.24,0.0653,17,45.9,0.9956,3.37,0.48,4.15,4
6.8,0.63,1.21,6.44,0.791,11,50.5,0.9953,3.47,0.55,12.6,6
7.5,0.705,1.64,3.36,0.636,15,40.6,0.9964,3,1.59,9.13,5
7.9,0.885,2.34,5.32,0.569,4,48.6,0.9972,3.36,0.33,13,4
8,0.42,2.67,6.57,0.249,6,47.4,0.9972,3.29,0.61,4.07,6
8,0.42,1.77,0.454,2.37,6,37.7,0.9972,3.29,0.61,3.11,6
7.4,0.62,1.39,0.545,0.522,24,41.3,0.9961,3.42,0.57,10.3,6
7.3,0.38,1.37,1.69,0.313,7,51.9,0.9961,3.33,0.47,15.9,5
6.9,0.5,1.29,0.734,3.53,19,50.5,0.9958,3.35,0.78,14.9,5
7.3,0.38,1.41,0.527,0.876,7,40.1,0.9961,3.33,0.47,5.55,5
7.5,0.52,1.61,1.19,0.0768,8,46.7,0.9972,3.58,0.61,6.85,6
7,0.805,0.189,8.74,4.62,7,46.9,0.9969,3.48,0.56,2.44,5
8.8,0.61,0.596,1.91,1.05,10,44.7,0.9969,3.19,0.59,18.4,5
8.8,0.61,1.54,5.15,0.192,10,56.5,0.9969,3.19,0.59,11,5
8.9,0.61,0.246,0.241,0.542,23,39.2,0.9972,3.12,1.02,11.3,5
7.2,0.73,1.2,0.407,2.45,16,51.2,0.9972,3.44,0.52,6.46,5
6.8,0.61,1.59,2.99,2.61,11,36.5,0.9971,3.54,0.58,5.92,5
6.7,0.62,3.32,1.92,0.885,8,41.6,0.997,3.52,0.58,10.1,6
8.9,0.31,1.05,2.59,2.28,26,49.4,0.9971,3.26,0.53,20.2,5
7.4,0.39,2.56,8.39,0.943,14,46.3,0.9972,3.34,0.55,11.4,5
7.7,0.705,0.737,2.06,2.78,9,46,0.9976,3.39,0.49,9.97,5
7.9,0.5,2.57,3.73,1.13,15,35.4,0.9968,3.2,0.55,2.55,5
7.9,0.49,1.87,0.985,1.09,17,41,0.9968,3.2,0.55,16.4,5
8.2,0.5,1.33,0.758,4.03,21,51.7,0.9976,3.23,0.62,24.8,5
6.4,0.37,2.54,6.98,2.75,21,43.9,0.9974,3.57,0.62,11.1,6
6.8,0.63,1.08,0.339,6.49,16,53.7,0.9969,3.28,0.61,5.37,5
7.6,0.55,1.04,2.98,1.76,7,42.9,0.9964,3.28,0.55,23.7,5
7.6,0.55,1.54,1.19,0.4,7,50.1,0.9964,3.28,0.55,10.8,5
7.8,0.59,1.44,0.961,3.58,24,49.1,0.9968,3.25,0.54,11.1,5
7.3,0.58,2.84,6.54,0.463,15,39.8,0.9968,3.46,0.59,8.64,5
11.5,0.3,0.357,3.84,2.95,12,48.5,0.9981,3.11,0.97,4.96,6
5.4,0.835,1.07,4.59,2.51,13,44.4,0.9924,3.57,0.85,5.15,7
6.9,1.09,1.06,2.36,1.54,12,52,0.9948,3.51,0.43,15.1,4
9.6,0.32,1.25,5.83,2.28,9,44.2,0.99695,3.22,0.82,18.3,7
8.8,0.37,0.227,1.93,0.748,39,45.7,0.9975,3.04,1.03,12.1,5
6.8,0.5,2.42,3.24,0.337,16,51.2,0.99545,3.36,0.79,18,5
7,0.42,2.46,0.587,0.276,16,42.2,0.9961,3.34,0.55,9.63,5
7,0.43,0.995,4.2,0.148,14,44,0.99615,3.34,0.56,20.3,6
12.8,0.3,1.08,1.81,0.536,9,40.6,0.9994,3.2,0.77,12.8,7
12.8,0.3,0.809,2.78,0.0608,9,46.9,0.9994,3.2,0.77,10.2,7
7.8,0.57,0.743,5.09,0.911,26,39,0.99625,3.29,0.53,9.15,5
7.8,0.44,0.991,3.01,0.357,18,37.6,0.9966,3.22,0.67,8.81,5
11,0.3,1.63,0.646,0.646,7,48,0.998,3.31,0.88,7.53,7
9.7,0.53,1.59,5.69,0.0804,5,46.9,0.99585,3.3,0.86,11,6
8,0.725,1.83,0.732,0.566,10,51.4,0.99685,3.35,0.56,0.565,6
11.6,0.44,0.982,0.129,0.731,5,43.8,0.998,3.21,0.67,18.8,6
8.2,0.57,1.07,7.56,1.56,28,41.9,0.9959,3.3,0.43,15.8,5
7.8,0.735,0.839,0.00661,0.4,10,46.2,0.9974,3.24,0.71,23.8,6
7,0.49,0.23,3.3,0.324,26,37.6,0.9974,3.34,0.76,10.6,5
8.7,0.625,0.491,5.27,0.78,13,45.2,0.9962,3.14,0.57,5.24,5
8.1,0.725,2.52,4.68,1.52,11,48.5,0.9967,3.36,0.55,8.49,5
7.5,0.49,1.44,0.369,0.468,10,40.9,0.9957,3.39,0.54,9.9,5
7.8,0.53,0.9,0.301,1.24,24,47.3,0.99655,3.3,0.6,10.9,5
7.8,0.34,1.04,0.307,1.14,24,34.2,0.9964,3.34,0.59,5.18,6
7.4,0.53,1.56,7.3,2.27,16,41.6,0.9957,3.15,0.57,8.54,5
6.8,0.61,2.02,3.52,1.65,5,47.7,0.99525,3.42,0.6,6.03,5
8.6,0.645,2.19,1.76,3.02,8,54.9,0.99815,3.28,0.6,12.7,6
8.4,0.635,0.437,4.23,0.314,15,45.7,0.99745,3.31,0.57,12.3,4
7.7,0.43,0.052,8.75,1.81,29,44.1,0.99615,3.37,0.58,12.9,6
8.9,0.59,2.84,1.65,0.247,27,43.9,0.9964,3.04,1.61,8.13,6
9,0.82,1.63,3.35,3.7,9,49.3,0.9984,3.39,0.63,0.754,5
7.7,0.43,2.59,1.04,1.47,29,43.1,0.99615,3.37,0.58,14.4,6
6.9,0.52,0.545,4.61,2.47,10,49.6,0.99685,3.46,0.5,6.24,5
5.2,0.48,1.58,1.14,2.82,19,46,0.9927,3.54,0.62,16.7,7
8,0.38,0.916,0.5,1.19,12,46.5,0.99625,3.37,0.52,5.48,6
8.5,0.37,1.91,0.254,1.54,18,40.6,0.998,3.34,0.7,19,6
6.9,0.52,0.509,0.328,4.12,10,47.6,0.99685,3.46,0.5,19.5,5
8.2,1,1.12,0.0352,3.6,7,44.5,0.99685,3.32,0.55,19.8,6
7.2,0.63,3.23,0.285,2.38,14,45,0.99675,3.37,0.58,6.19,6
7.2,0.63,2.31,1.81,2.4,14,36.4,0.99675,3.37,0.58,8.12,6
7.2,0.645,1.69,3.38,1.05,15,46.9,0.99675,3.37,0.58,6.18,6
7.2,0.63,2.56,0.392,0.586,14,51.1,0.99675,3.37,0.58,2.57,6
8.2,1,2.36,0.158,2.53,7,36.9,0.99685,3.32,0.55,16.3,6
8.9,0.635,0.782,3.21,0.826,5,42.3,0.9971,3,1.09,6.48,5
12,0.38,2.69,3.18,0.397,6,45.6,0.99925,3.14,0.71,11.9,6
7.7,0.58,1.84,4.86,2.87,28,47.4,0.99565,3.08,0.49,10.3,6
15,0.21,1.56,6.19,2.08,10,51.2,1.00005,3.07,0.84,10.2,7
15,0.21,1.58,3.94,2.21,10,38.5,1.00005,3.07,0.84,9.96,7
7.3,0.66,2.31,0.476,1.46,6,47,0.9983,3.61,0.96,20.7,6
7.1,0.68,2.19,0.801,2.29,16,45.8,0.99685,3.38,0.52,11.2,5
8.2,0.6,2.66,4.07,0.182,11,43.2,0.9963,3.2,0.45,8.07,5
7.7,0.53,0.71,0.78,1.41,9,48.4,0.99615,3.35,0.48,13.3,6
7.3,0.66,2.48,0.582,3.22,6,56.5,0.9983,3.61,0.96,19,6
10.8,0.32,2.36,0.51,2.85,16,45.6,0.9985,3.22,0.78,8.88,6
7.1,0.6,0.92,1.17,1.51,16,46.1,0.9972,3.47,0.7,22,6
11.1,0.35,0.634,1.34,2.25,5,47.3,0.9986,3.17,0.53,16.9,5
7.7,0.775,2.13,2.03,1.96,8,44.4,0.9959,3.23,0.59,14.8,5
7.1,0.6,1.97,0.289,4.59,16,38.8,0.9972,3.47,0.7,9.94,6
8,0.57,1.48,7.01,1.7,17,48.3,0.99675,3.26,0.57,9.32,5
9.4,0.34,2.57,1.86,1.67,5,35.9,0.998,3.22,0.62,11,5
6.6,0.695,3.09,5.2,0.665,12,45.7,0.9968,3.49,0.67,11.9,5
7.7,0.41,2.13,4.72,1.23,8,45.1,0.9968,3.06,1.26,7.75,5
10,0.31,0.883,1.32,1.01,14,45.2,0.99965,3.36,0.8,10,7
7.9,0.33,0.308,4.8,2.06,18,52.3,0.99625,3.29,0.65,13.7,5
7,0.975,2.49,0.738,0.575,12,41.2,0.99565,3.35,0.6,11.8,4
8,0.52,0.062,2.71,0.458,10,43.3,0.99575,3.34,0.57,12.7,5
7.9,0.37,2.05,3.39,0.887,23,43,0.9963,3.28,0.67,16.4,5
12.5,0.56,0.955,2.48,0.248,5,47.1,0.9999,3.08,0.87,16.3,5
11.8,0.26,1.5,5.82,1.08,6,46.6,0.9968,3.2,0.72,8.51,7
8.1,0.87,1.65,11.1,3.57,26,45.9,1.00025,3.6,0.72,11.2,4
7.9,0.35,1.39,0.0565,0.146,15,40.4,0.9973,3.35,0.86,4.41,8
6.9,0.54,1.92,3.88,1.96,7,57.6,0.9987,3.69,0.91,0.373,6
11.5,0.18,0.658,5.01,3.98,4,53.2,0.9996,3.28,0.97,23.7,6
7.9,0.545,1.96,2.62,0.475,27,38.2,0.9965,3.36,0.67,2.29,6
11.5,0.18,2.85,1.09,0.891,4,49.2,0.9996,3.28,0.97,18.5,6
10.9,0.37,1.03,1.31,0.867,17,53.8,0.99935,3.22,0.78,12.9,5
8.4,0.715,1.53,5.45,1.7,10,45,0.99735,3.31,0.64,11.3,5
7.5,0.65,1.56,4.58,0.598,27,53.3,0.99915,3.38,0.77,14.8,5
7.9,0.545,0.184,4.6,1.55,27,47.3,0.9965,3.36,0.67,12,6
6.9,0.54,0.61,0.46,1.35,7,48.5,0.9987,3.69,0.91,2.96,6
11.5,0.18,1.8,1.12,1.46,4,45.8,0.9996,3.28,0.97,7.48,6
10.3,0.32,2.09,2.28,3.39,5,49,0.9976,3.23,0.82,5.71,8
8.9,0.4,1.16,2.3,1.83,10,51.7,0.9991,3.38,0.77,3.85,7
11.4,0.26,0.0146,4.5,0.721,6,45.3,0.9986,3.12,0.82,3.94,6
7.7,0.27,1.48,2.02,2.17,5,45.2,0.9972,3.25,1.08,22.4,7
7.6,0.52,1.46,3.22,0.46,12,45.5,0.9971,3.36,0.57,16,5
8.9,0.4,0.849,1.03,0.207,10,49.1,0.9991,3.38,0.77,1.95,7
9.9,0.59,1.8,1.7,0.156,32,46.9,1.00015,3.31,0.71,17.3,5
9.9,0.59,2.29,0.785,0.242,32,41.1,1.00015,3.31,0.71,9.74,5
12,0.45,3.63,0.0681,2.74,25,38.3,0.9997,3.1,0.76,4.7,6
7.5,0.4,1.78,2.72,2.95,29,44.5,0.9967,3.37,0.7,8.92,6
8.7,0.52,1.1,5.26,0.802,20,47.1,0.9976,3.34,0.86,2.28,7
11.6,0.42,0.108,8.8,0.852,33,54.3,1.001,3.2,0.95,6.39,5
8.7,0.52,0.504,4.07,0.81,20,36.6,0.9976,3.34,0.86,2.53,7
11,0.2,1.39,0.808,0.156,6,55.1,0.9979,3.3,0.71,7.04,5
10.4,0.55,3.02,1.89,2.94,18,42.3,0.9994,3.22,0.64,14,6
6.9,0.36,1.16,0.77,0.261,5,46.8,0.9964,3.41,0.6,5.49,6
13.3,0.34,3.12,0.907,0.292,17,47.6,1.0014,3.05,0.81,11,6
10.8,0.5,0.861,2.11,2.28,5,44.3,1.0001,3.05,0.64,9.5,5
10.6,0.83,1.56,0.566,1.11,26,52.7,0.9981,3.16,0.52,16.6,5
7.1,0.63,2.79,5.25,1.2,8,44.2,0.99855,3.67,0.73,14.2,5
7.2,0.65,0.112,2.11,0.853,5,45.4,0.9993,3.67,0.8,12,5
6.9,0.67,1.3,6.6,3.89,8,46.9,0.99845,3.68,0.71,6.06,5
7.5,0.53,1.4,1.56,1.54,20,48.5,0.9965,3.38,0.59,8.69,6
11.1,0.18,1.64,3.17,1.06,7,49.3,0.9973,3.22,0.64,11.2,6
8.3,0.705,3.34,3.67,1.96,12,36.7,0.9994,3.51,0.72,15.2,5
7.4,0.67,1.72,6.42,0.414,5,53.3,0.996,3.39,0.54,12.9,5
8.4,0.65,0.907,1.54,0.00387,12,48.9,0.9973,3.2,0.52,14.3,5
10.3,0.53,2.01,0.418,0.338,6,38.8,0.9998,3.12,0.59,4.97,6
7.6,0.62,2.05,0.133,1.47,7,40.2,0.9966,3.36,0.52,5.36,5
10.3,0.41,1.55,3.16,0.643,6,43.8,0.9994,3.19,0.62,8.75,6
10.3,0.43,0.273,3.38,1.4,5,53.4,0.9994,3.19,0.63,3.89,6
7.4,0.29,0.977,2.93,1.31,9,46.6,0.9968,3.41,0.53,11.2,6
10.3,0.53,1.48,0.73,2.09,6,34,0.9998,3.12,0.59,12.2,6
7.9,0.53,0.482,3.19,0.876,15,44.8,0.996,3.27,0.54,14.2,6
9,0.46,1.46,4.41,3.66,19,41,0.99815,3.32,0.63,16,6
8.6,0.47,1.63,11.1,3.52,30,45.6,0.9976,3.3,0.53,18.2,5
7.4,0.36,1.51,3.55,1.36,26,36.1,0.99645,3.39,0.68,4.87,5
7.1,0.35,3.08,2.79,2.12,20,37.8,0.9962,3.42,0.65,14.8,6
9.6,0.56,2.71,1.34,0.594,37,51.1,0.9996,3.3,0.65,3.75,5
9.6,0.77,0.162,1.79,1.72,30,44.4,0.99865,3.3,0.64,14.7,6
9.8,0.66,0.296,1.28,2.59,21,50.6,0.9989,3.37,0.71,7.5,7
9.6,0.77,1.72,7.02,3.93,30,56.1,0.99865,3.3,0.64,15.3,6
9.8,0.66,1.56,0.275,1.29,21,42.3,0.9989,3.37,0.71,9.7,7
9.3,0.61,0.295,4.33,1.09,25,50.5,0.99975,3.24,0.62,0.981,5
7.8,0.62,1.74,4.81,1.14,6,41.7,0.99735,3.29,0.63,6.07,5
10.3,0.59,2.04,2.7,0.726,35,45.3,0.999,3.28,0.7,7.32,6
10,0.49,1.63,0.269,0.284,13,50.5,1.0015,3.16,0.69,8.85,6
10,0.49,2.82,1.68,1.99,13,40.6,1.0015,3.16,0.69,12.2,6
11.6,0.53,1.55,2.93,0.185,6,39.9,0.9978,3.05,0.74,20.8,7
10.3,0.44,1.95,2.45,1.94,5,44.5,0.998,3.28,0.83,1.92,5
13.4,0.27,1.55,5.44,1.44,6,46.7,1.0002,3.16,0.67,3.92,6
10.7,0.46,0.766,1.61,3.32,7,43.2,0.9981,3.18,0.62,8.93,5
10.2,0.36,1.4,2.89,1.24,10,47.6,0.998,3.23,0.66,11.1,6
10.2,0.36,2.01,8.53,2.9,10,45.1,0.998,3.23,0.66,8.89,6
8,0.58,1.17,2.94,1.83,21,51.5,0.9973,3.22,0.54,21.9,6
8.4,0.56,2.57,6.21,0.601,16,37.7,0.9958,3.13,0.52,6.11,5
7.9,0.65,1.34,2.38,1.55,17,48.5,0.9963,3.34,0.74,16.9,7
11.9,0.695,0.245,6.25,1.01,7,40.1,0.9992,3.17,0.84,11.4,7
8.9,0.43,1.21,4.12,0.293,6,44.2,0.9948,3.35,0.7,11.2,6
7.8,0.43,2.23,1.16,3.23,29,42.5,0.9974,3.31,0.64,10.2,5
12.4,0.49,1.93,9.25,0.339,28,47.3,1.0008,3.16,1,17.5,6
12.5,0.28,0.751,6.85,1.04,12,49.8,0.9997,3.11,1.36,7.49,7
12.2,0.34,1.25,2.31,2.42,10,47.2,1,3.12,1.18,14.3,6
10.6,0.42,1.05,4.76,0.42,5,39.1,0.9972,3.21,0.87,6.98,6
10.9,0.39,2.78,4.37,0.0624,6,51.4,0.9982,3.3,0.75,16.5,6
10.9,0.39,2.68,0.383,1.1,6,43,0.9982,3.3,0.75,13.5,6
11.9,0.57,0.382,2.25,2.68,6,49.1,1.0006,3.12,0.78,6.59,6
7,0.685,1.32,6.77,1.86,40,41.5,0.9979,3.6,0.81,7.39,5
6.6,0.815,0.498,1.96,2.34,17,55,0.9955,3.58,0.89,13.7,7
13.8,0.49,2.16,1.03,1.34,6,48.3,0.9986,3.02,0.93,6.93,6
9.6,0.56,0.209,3.72,0.195,15,41.9,0.9979,3.11,0.92,5.19,6
9.1,0.785,1.75,3.43,3.1,11,41.7,0.9994,3.36,0.86,3.33,6
10.7,0.67,0.759,4.51,0.857,17,42.7,1.0004,3.28,0.98,11.2,6
9.1,0.795,1.43,0.893,0.234,11,44.4,0.9994,3.35,0.83,18.4,6
7.7,0.665,1.71,5.34,3.48,8,47.6,0.9974,3.27,0.73,0.338,5
13.5,0.53,0.578,0.186,0.36,23,44.7,1.0018,3.18,0.77,7.39,5
6.1,0.21,2.41,1.31,0.55,40.5,49.1,0.9912,3.25,0.59,4.93,6
6.7,0.75,1.73,1,0.725,17,48.9,0.9955,3.55,0.61,10.3,6
11.5,0.41,1.82,3.19,1.07,29,41.6,1.0001,3.26,0.88,13.4,5
10.5,0.42,2.31,0.404,2.99,12,42.7,0.997,3.24,0.75,19.5,7
11.9,0.43,0.225,1.4,0.402,10,34.9,1,3.15,0.85,8.92,7
12.6,0.38,2.62,7.24,0.663,10,43.4,1.001,3.17,0.68,6.5,6
8.2,0.7,2.24,0.337,3.5,14,45.7,0.9973,3.19,0.7,13.2,5
8.6,0.45,1.62,3.23,4.65,21,41.7,0.9982,3.37,0.91,4.31,6
11.9,0.58,1.99,3.64,0.186,6,43.2,0.9992,3.05,0.56,1.2,5
12.5,0.46,0.468,6.5,0.834,6,37.8,0.9988,2.99,0.87,18,5
12.8,0.615,0.584,1.21,4.34,7,45.6,1.0022,3.07,0.73,12.5,7
10,0.42,2.15,1.95,1.62,7,55,0.9979,3.26,0.93,14.8,6
12.8,0.615,2.24,1.61,0.294,7,42.9,1.0022,3.07,0.73,0.865,7
10.4,0.575,0.468,1.41,1.32,11,45.1,1,3.16,0.69,10.6,5
10.3,0.34,2,4.55,0.186,15,50.1,0.9998,3.18,0.64,3.33,5
9.4,0.27,1.06,1.01,1.35,6,52,0.9962,3.2,1.13,12.4,7
6.9,0.765,0.726,3.81,0.594,35,39.6,0.9975,3.57,0.78,3.71,5
7.9,0.24,1.19,3.85,0.645,11,41.5,0.9967,3.32,0.87,6.07,6
9.1,0.28,3.17,9.71,1.35,26,56.9,0.9967,3.32,1.04,8.08,6
7.4,0.55,1.48,3.9,1.62,12,48.5,0.9959,3.05,0.63,4.72,5
14,0.41,3.34,3.02,1.86,6,56,1.0014,3.01,0.81,15.3,6
11.5,0.54,1.42,6.99,0.0983,6,48,0.9984,3.01,0.83,5.7,7
11.5,0.45,0.544,2.71,0.615,19,49.9,1.0003,3.26,1.11,16.8,6
9.4,0.27,2.01,2.42,0.224,6,53.9,0.9962,3.2,1.13,2.5,7
11.4,0.625,1.21,5.46,2.14,6,46.1,0.9988,3.11,0.99,13.9,6
8.3,0.42,1.74,0.304,0.406,24,42,0.9979,3.31,0.7,14.7,6
8.3,0.26,1.1,0.565,0.168,11,41.6,0.9974,3.21,0.8,11.7,6
13.7,0.415,0.324,3.98,4.12,17,52.7,1.0014,3.06,0.8,6.23,6
8.3,0.26,0.94,10.1,0.823,11,44,0.9974,3.21,0.8,19.5,6
8.3,0.26,0.478,2.73,0.222,11,39.5,0.9974,3.21,0.8,7.71,6
7.7,0.51,0.262,4,1.78,23,50.7,0.998,3.42,0.74,19.3,5
7.4,0.63,0.673,4.42,0.369,11,46.8,0.9979,3.43,0.76,12.2,6
7.8,0.54,1.05,0.583,0.289,23,48.3,0.9981,3.41,0.74,13.4,6
8.3,0.66,1.73,0.645,0.796,17,51.9,0.9972,3.31,0.54,19.5,6
7.8,0.46,1.1,3.77,1.74,23,53.9,0.9981,3.43,0.74,11.9,6
9.6,0.38,1.94,3.54,3.05,16,46.6,0.9982,3.19,0.7,9.63,7
5.6,0.85,3.79,5.04,0.85,12,42.9,0.9924,3.56,0.82,0.333,8
13.7,0.415,2.47,6.26,0.0701,17,44.6,1.0014,3.06,0.8,20.8,6
9.5,0.37,1.99,7.96,1.14,6,48.6,0.998,3.18,0.51,13.8,5
8.4,0.665,1.88,1.4,1.45,13,51.1,0.997,3.16,0.54,14.8,5
12.7,0.6,2.39,6.67,1.94,6,55.9,0.9997,3.03,0.57,7.01,5
12,0.37,0.276,5.87,2.14,7,50.6,1.0004,3.22,0.6,4.95,7
6.6,0.735,0.0345,0.205,1.3,68,56.5,0.9994,3.47,0.53,9.47,5
11.5,0.59,3.72,3.23,0.561,13,44.6,0.9988,3.18,0.65,20.4,6
11.5,0.59,2.82,4.74,1.23,13,50,0.9988,3.18,0.65,15.3,6
8.7,0.765,0.981,2.54,1.5,9,41.8,0.9963,3.1,0.55,17.4,5
6.6,0.735,1.87,1.62,1.22,68,43.9,0.9994,3.47,0.53,6.87,5
7.7,0.26,2.32,0.00444,0.206,20,48.7,0.9949,3.29,0.47,14.5,6
12.2,0.48,2.37,5.13,0.194,19,43.6,1,3.1,0.61,3.03,6
11.4,0.6,2.45,4.07,4.33,10,48.4,0.9994,3.15,0.63,11.6,6
7.7,0.69,1.39,0.581,1.23,15,46.5,0.9974,3.26,0.61,7.1,5
8.7,0.31,1.14,0.492,4.22,11,49.8,0.9966,3.36,0.76,19.1,6
9.8,0.44,2.28,4.57,3.59,9,41.4,0.9981,3.24,0.65,6.32,6
12,0.39,1.23,1.7,2.68,12,41.1,0.9996,3.18,0.63,8.65,7
10.4,0.34,0.0488,3.97,2.49,6,45.3,0.997,3.19,0.7,5.01,6
12.5,0.46,0.856,3.3,5.9,26,46.1,0.9981,3.05,0.57,14.1,4
9,0.43,0.588,1.67,0.338,26,46,0.9987,3.38,0.62,16.2,6
9.1,0.45,2.35,2.81,2.16,23,46.7,0.9987,3.38,0.62,21.3,5
7.1,0.735,0.534,2.24,0.536,15,44.2,0.9966,3.27,0.64,17.7,5
9.9,0.4,1.14,1.22,1.69,6,39.2,0.9986,3.27,0.82,5.96,7
8.8,0.52,0.0918,3.86,1.54,24,47.5,0.9982,3.26,0.61,5.95,5
8.6,0.725,0.826,1.1,1.11,31,58.1,1.0014,3.32,1.07,6.84,5
10.6,0.48,1.78,2.78,1.07,6,47,0.997,3.26,0.66,18.7,6
7,0.58,0.45,4,2.66,34,37,0.9956,3.44,0.48,13.4,5
11.9,0.38,2.52,3.64,0.409,7,42.1,0.9996,3.24,0.76,2.23,6
6.8,0.77,1.46,3.96,0.438,34,43.8,0.9976,3.62,0.68,6.4,5
9.5,0.56,2.89,1.06,0.387,35,44.7,0.9972,3.28,0.73,5.52,7
6.6,0.84,1.91,2.37,0.511,32,44.1,0.9952,3.52,0.56,2,7
7.7,0.96,2.7,4.28,2.08,15,35,0.9955,3.36,0.44,6.77,5
10.5,0.24,2.62,0.403,0.393,6,49,0.9978,3.15,0.9,17.9,7
7.7,0.96,1.49,0.552,0.446,15,44.2,0.9955,3.36,0.44,9.38,5
6.6,0.84,2.52,2.64,0.974,32,45.5,0.9952,3.52,0.56,8.22,7
6.4,0.67,3.35,1.08,1.31,19,39.6,0.9949,3.49,0.49,9.19,6
9.5,0.78,0.994,1.04,0.782,6,49.6,0.9988,3.26,0.56,23.4,6
9.1,0.52,0.291,5.56,0.934,9,42.8,0.9978,3.24,0.6,5.73,5
12.8,0.84,0.854,1.62,2.99,13,45.5,0.9997,3.1,0.6,2.15,6
10.5,0.24,3.27,1.44,0.372,6,47.5,0.9978,3.15,0.9,19.8,7
7.8,0.55,0.411,4.35,2.25,21,42,0.9974,3.25,0.56,9.63,5
11.9,0.37,0.822,5.45,5.8,12,38.8,0.9958,3,0.65,11,6
12.3,0.39,1.23,4.54,2.14,6,43.3,1.0004,3.16,0.49,14.6,5
10.4,0.41,1.78,2.56,2.15,22,45.6,0.9996,3.15,0.89,8.24,6
12.3,0.39,1.82,1.77,2.53,6,53.5,1.0004,3.16,0.49,10.4,5
8,0.67,3.31,2.74,4.97,38,48.1,0.9958,3.26,0.56,3.53,6
11.1,0.45,2.94,3.44,2.8,6,50.5,0.9986,3.17,0.66,17.4,6
10.4,0.41,3.52,3.54,1.8,22,51.5,0.9996,3.15,0.89,14.8,6
7,0.62,2.48,1.01,1.63,7,48,0.9951,3.08,0.6,6.47,5
12.6,0.31,0.708,6.67,1.82,6,50.4,0.9987,2.88,0.82,2.39,8
11.9,0.4,0.366,6.82,1.16,7,48.2,0.9988,3.06,0.68,21.9,6
15.6,0.685,1.61,0.988,2.39,6,41.6,1.0032,2.95,0.68,13.9,7
10,0.44,1.09,4.47,3.52,11,38.8,0.9963,3.23,0.63,15.1,7
5.3,0.57,2.49,2.03,0.719,5,46,0.9934,3.57,0.84,20,7
9.5,0.735,1.88,1.61,1.26,6,45.8,0.9986,3.23,0.56,18.4,6
12.5,0.38,1.51,2.01,1.55,31,47.4,0.9996,3.1,0.73,2.4,5
9.3,0.48,0.923,3.84,1.41,6,46.7,0.9968,3.22,0.72,14.1,5
8.6,0.53,2,6.73,2.37,7,44.2,0.9967,3.2,0.56,18.1,6
11.9,0.39,2.09,1.74,2.29,17,47.2,0.9994,3.1,0.61,8.62,6
11.9,0.39,2.52,1.77,0.113,17,41.7,0.9994,3.1,0.61,14.8,6
8.4,0.37,1.06,5.81,2.48,9,45.1,0.9979,3.06,1.06,19.9,6
6.8,0.56,2.29,3.41,1.99,18,47.9,0.9968,3.44,0.63,8.32,6
10.4,0.33,1.5,4.85,0.321,5,40,0.9998,3.26,0.74,12.4,7
7,0.23,1.62,1.83,1.87,21,44,0.9952,3.5,0.63,14.3,5
11.3,0.62,0.162,5.1,4.22,6,44.9,0.9988,3.22,0.69,3.22,8
8.9,0.59,1.66,2.51,0.856,5,49,0.9986,3.37,0.58,10.9,5
9.2,0.63,2.37,0.225,2.76,29,45.8,0.9988,3.28,0.58,2.8,5
10.4,0.33,2.06,3.51,0.913,5,56.7,0.9998,3.26,0.74,10.6,7
11.6,0.58,2.28,4.66,0.132,10,44.5,1.0008,3.25,0.57,22.1,3
9.2,0.43,1.04,0.059,1.76,14,50.6,0.9976,3.35,0.61,12.6,6
8.3,0.615,3.8,6.54,1.54,6,44.2,0.9982,3.26,0.61,0.593,5
11,0.26,0.865,0.313,3.26,10,44.3,0.997,3.18,0.61,9.33,5
8.1,0.66,0.452,3.38,1.2,25,53.9,0.9972,3.08,0.53,10.5,5
11.5,0.315,0.311,0.29,1.63,5,38.7,0.9987,2.98,0.7,9.28,6
10,0.29,1.43,3.14,0.796,10,46.7,1.0006,3.48,0.91,8,5
10.3,0.5,0.522,7.99,1.72,21,46,0.9982,3.16,0.72,15.5,6
8.8,0.46,0.864,0.0651,1.8,7,49,0.9947,3.32,0.79,12.6,6
11.4,0.36,1.27,4.11,5.3,6,40.5,1,3.17,0.62,5.93,6
8.7,0.82,0.413,5.48,0.309,36,38.4,0.9952,3.2,0.58,7.22,5
13,0.32,1.39,3.14,2.4,15,45.3,0.9996,3.05,0.61,4.57,5
9.6,0.54,0.622,1.03,1.29,25,46,0.997,3.2,0.71,14.8,6
12.5,0.37,3.36,3.98,2.87,25,47.1,0.9995,3.15,0.82,7.42,6
9.9,0.35,0.275,4.48,1.64,5,47.2,0.9971,3.26,0.79,8.94,5
10.5,0.28,3.08,4.1,1.23,10,45.9,0.9982,3.2,0.89,5.24,6
9.6,0.68,1.5,6.2,2.44,5,51.7,0.9988,3.14,0.6,15,5
9.3,0.27,2.62,0.114,1.26,6,47.3,0.998,3.28,0.7,13.8,5
10.4,0.24,0.96,1.49,1.77,6,40.7,0.9977,3.18,1.06,3.51,6
9.6,0.68,0.445,0.157,1.42,5,54,0.9988,3.14,0.6,6.7,5
9.4,0.685,2.75,6.53,4.72,6,48.4,0.9984,3.19,0.7,3.32,6
10.6,0.28,0.405,1.94,0.308,6,60.8,1.0026,3.12,0.66,17.7,5
9.4,0.3,2.52,2.77,2.67,6,41.2,0.9964,3.15,0.92,15.7,8
10.6,0.36,1.1,0.597,0.537,6,47.8,0.9986,3.04,1.05,13.5,5
10.6,0.36,2.31,0.218,1.42,7,44.4,0.9986,3.04,1.06,5.34,5
10.6,0.44,2.39,0.878,2.37,6,42.2,0.997,3.06,0.66,11.3,6
10.2,0.67,1.08,2.25,1.46,6,40.9,0.9976,3.17,0.47,4.97,5
10.2,0.67,2.19,2.78,2.94,6,54.8,0.9976,3.17,0.47,3.92,5
10.2,0.645,1.52,3.25,0.552,5,41,0.9982,3.17,0.42,8.14,6
11.6,0.32,1.73,3.26,3.12,35,42.1,1.0002,3.32,0.92,6.36,7
9.3,0.39,0.398,2.64,3.74,10,44.5,0.9984,3.34,0.75,8.52,6
9.3,0.775,1.7,3.47,1.07,24,34.2,0.9984,3.31,0.67,17.1,6
9.2,0.41,1.15,2.21,0.249,12,45.3,0.9952,3.34,0.79,23.8,7
8.9,0.4,1.36,0.043,1.53,13,45.6,0.995,3.32,0.9,10.2,7
8.7,0.69,0.173,9.22,1.74,23,38.9,1.0002,3.48,0.74,15.5,6
6.5,0.39,2.85,3.03,0.252,28,50,0.9952,3.44,0.55,16.8,6
10.7,0.35,2.05,2.73,0.519,5,40.9,0.9972,3.15,0.65,12,8
7.8,0.52,0.994,0.251,0.123,14,45.4,0.9984,3.43,0.65,5.75,6
7.2,0.34,1.91,1.88,1.53,43,46.6,0.9966,3.32,0.79,9.29,5
10.7,0.35,1.29,2.03,1.71,5,48.8,0.9972,3.15,0.65,15.4,8
8.7,0.69,1.64,2.98,0.0742,23,46.4,1.0002,3.48,0.74,16.5,6
7.8,0.52,0.0653,0.105,0.858,14,35.7,0.9984,3.43,0.65,14.6,6
10.4,0.44,1.99,1.27,0.343,38,42.5,0.999,3.17,0.85,9.22,7
10.4,0.44,0.449,4.3,2.93,38,45.3,0.999,3.17,0.85,10.4,7
10.5,0.26,0.841,0.821,0.422,6,46,0.9976,3.18,1.04,14.9,7
10.5,0.24,1.34,1.17,1.18,6,53.2,0.9976,3.21,1.05,7.58,7
10.2,0.49,0.943,1.6,0.453,10,56.6,0.9968,3.16,0.78,6.23,7
10.4,0.24,2.02,6.76,0.709,6,45.4,0.9976,3.25,1.02,7.2,7
11.2,0.67,0.428,3.43,2.18,6,55.4,1,3.17,0.71,17.7,6
10,0.59,1.9,1.39,0.912,26,47.7,0.9994,3.18,0.63,13.3,6
13.3,0.29,2.04,2.1,1.53,23,50.2,0.9986,3.04,0.68,21.7,7
12.4,0.42,2.16,3.18,1.33,19,41.9,0.9978,3.02,0.61,5.71,5
10,0.59,1.29,3.71,4.01,26,47.9,0.9994,3.18,0.63,8.32,6
10.7,0.4,2.9,1.54,1.36,15,41.2,0.998,3.03,0.81,7.74,6
10.5,0.51,0.941,7.46,2.35,6,37.8,0.9973,3.09,0.66,6.13,7
10.5,0.51,1.27,1.8,1.56,6,45.2,0.9973,3.09,0.66,4.88,7
8.5,0.655,1.39,4.87,3.27,34,42.2,1.001,3.31,1.14,15.5,5
12.5,0.6,3.06,2.12,1.55,5,47.5,1.001,3.25,0.74,14.2,6
10.4,0.61,1.52,6.06,3.72,5,45.1,0.9994,3.16,0.63,12.8,3
10.9,0.21,1.58,2.31,0.42,11,53.6,0.9972,3.22,0.68,5.37,6
7.3,0.365,2.97,0.0753,2.4,39,42.1,0.9966,3.36,0.78,14.5,5
9.8,0.25,0.981,0.175,1.55,15,45.6,0.9982,3.42,0.9,10.6,6
7.6,0.41,2.06,3.69,1.07,16,45.7,0.998,3.48,0.64,9.77,5
8.2,0.39,0.284,4.86,0.465,47,36.5,0.9979,3.38,0.99,7.6,5
9.3,0.4,1.94,3.97,1.79,38,42.6,0.9978,3.22,0.55,19.3,5
9.2,0.43,2.41,1.64,1.37,23,54.1,0.9976,3.23,0.64,5.74,5
10.4,0.64,2.58,9.38,2.49,29,54.6,0.9998,3.24,0.67,14,5
7.3,0.365,1.28,2.87,0.342,39,42.5,0.9966,3.36,0.78,14.5,5
7,0.38,1.14,1.01,2.65,33,36.5,0.9962,3.39,0.77,9.91,6
8.2,0.42,1.38,0.157,2.08,32,44.6,0.9988,3.34,0.75,12,6
9.9,0.63,4.13,0.205,1.59,6,46.1,0.9974,3.09,0.57,14.1,5
9.1,0.22,1.83,5.82,3.77,1,42.3,0.999,3.41,0.87,6.84,6
11.9,0.38,1.83,5.9,3.93,12,42.8,1.0004,3.16,0.61,0.384,5
11.9,0.38,1.18,4,0.255,12,54.7,1.0004,3.16,0.61,2.77,5
10.3,0.27,1.44,6.14,1.53,15,41,0.9956,3.22,0.66,9.51,6
10,0.48,1.04,2.33,0.663,13,47.7,1,3.28,0.56,13.6,6
9.1,0.22,1.31,2.44,0.443,1,46.7,0.999,3.41,0.87,7.26,6
9.9,0.63,1.48,3.42,2.79,6,44.8,0.9974,3.09,0.57,18.2,5
8.1,0.825,2.07,0.102,0.161,5,48,0.9972,3.37,0.77,26.1,6
12.9,0.35,1.12,4.3,0.987,5,48.2,1.0014,3.2,0.66,3.37,7
11.2,0.5,0.485,1.56,1.23,5,39.3,0.9996,3.22,0.62,27.9,5
9.2,0.59,0.382,0.364,2.76,20,48.2,0.9988,3.26,0.67,3.91,5
9.5,0.46,1.66,5.21,0.173,5,38.2,0.9988,3.21,0.73,7.18,6
9.3,0.715,1.87,5.36,0.559,5,63.3,0.9966,3.12,0.59,12,5
11.2,0.66,0.88,2.73,3.69,16,42.6,0.9993,3.06,0.72,12.8,6
14.3,0.31,2.62,1.93,0.943,6,48.6,1.0008,2.86,0.79,10.6,6
9.1,0.47,1.73,1.09,1.29,38,45.9,0.9982,3.08,0.59,19.8,5
7.5,0.55,0.14,8.98,0.373,10,52,0.9983,3.45,0.78,8.58,6
10.6,0.31,1.14,5.82,0.938,6,39.7,0.9987,3.26,0.86,11.8,6
12.4,0.35,3.18,2.66,2.13,27,56.5,0.9994,3.12,0.75,16.2,6
9,0.53,1.03,0.212,2.46,6,42.4,0.9975,3.27,0.61,1.7,6
6.8,0.51,0.0192,4.29,1.2,9,47.9,0.9958,3.33,0.56,19.1,6
9.4,0.43,1.72,2.68,1.09,14,46.1,0.998,3.19,0.73,7.83,6
9.5,0.46,2.6,4.04,0.397,14,39.7,0.998,3.12,0.74,19.9,6
5,1.04,1.59,1.42,1.99,32,41.4,0.9934,3.74,0.62,15.2,5
15.5,0.645,2.6,1.34,0.377,10,36.8,1.00315,2.92,0.74,7.04,5
15.5,0.645,0.802,5.8,0.504,10,41.8,1.00315,2.92,0.74,19.6,5
10.9,0.53,1.9,1.29,0.0348,10,45.2,1.0002,3.07,0.56,13.6,6
15.6,0.645,2.29,2.33,4.2,10,56.2,1.00315,2.92,0.74,10.6,5
10.9,0.53,4.09,6.2,1.72,10,48.8,1.0002,3.07,0.56,3.15,6
13,0.47,2.72,1.2,0.833,6,48.2,1.0021,3.3,0.68,2.44,6
12.7,0.6,2.41,2.91,1.01,5,37.5,0.9994,3.14,0.57,20.9,5
9,0.44,1.34,1.29,4.92,26,53.4,0.9978,3.23,0.58,16.2,5
9,0.54,1.63,0.271,1.48,41,52.7,0.9982,3.08,0.61,8.3,5
7.6,0.29,1.97,1.03,0.283,25,48.3,0.9971,3.31,0.61,16.5,6
13,0.47,1.6,4.47,1.73,6,53,1.0021,3.3,0.68,0.541,6
12.7,0.6,2.84,4.81,0.188,5,54.8,0.9994,3.14,0.57,8.77,5
8.7,0.7,1.07,6.89,1.86,5,43,0.9991,3.32,0.6,22.3,6
8.7,0.7,0.186,0.3,2.33,5,51.1,0.9991,3.32,0.6,6.05,6
9.8,0.5,0.77,0.151,1.07,5,54.3,0.999,3.31,0.79,15.8,6
6.2,0.36,0.525,2.77,0.242,19,41.4,0.9946,3.57,0.57,9.09,6
11.5,0.35,2.57,0.828,1.98,10,38.2,1.0003,3.32,0.91,10.4,6
6.2,0.36,1.53,2.42,2.52,19,42.8,0.9946,3.57,0.57,4.46,6
10.2,0.24,0.06,0.751,0.714,10,43.6,0.9978,3.14,0.61,20.3,5
10.5,0.59,0.445,2.88,2.82,14,42.5,0.9991,3.3,0.56,21.3,4
10.6,0.34,2.15,1.03,3.05,20,49.9,0.9992,3.19,0.7,7.87,6
12.3,0.27,1.39,2.41,1.2,28,38.9,0.9993,3.2,0.8,14,6
9.9,0.5,2.91,7.45,0.163,6,41.5,0.9978,3.34,0.52,10.8,4
8.8,0.44,0.933,3.03,0.507,18,41.2,0.9982,3.3,0.6,9.32,5
8.8,0.47,0.365,0.72,2.71,17,48.2,0.9982,3.29,0.6,11.4,5
10.6,0.31,0.772,9.31,2.24,18,56.2,0.9976,3.14,0.51,7.4,6
12.3,0.5,2.76,2.33,4.36,5,48.6,1.0002,3.19,0.44,3.57,5
12.3,0.5,0.353,0.614,2.76,5,52,1.0002,3.19,0.44,26.5,5
11.7,0.49,1.49,1.08,3.67,5,45.5,1,3.19,0.43,4.15,5
12,0.28,0.926,6.79,1.05,10,52.8,0.9976,2.98,0.66,14.7,7
11.8,0.33,2.07,0.341,2.83,54,47.8,1.0002,3.3,0.76,5.63,7
7.6,0.51,1.82,1.04,2.79,8,48.6,0.998,3.47,0.66,14.4,6
11.1,0.31,2.67,1.03,1.08,16,47.5,0.9986,3.12,1.02,0.0442,7
7.3,0.73,0.0669,3.22,1.65,18,38.6,0.9967,3.26,0.59,2.11,5
5,0.42,2.33,6.52,2.29,19,39.3,0.9917,3.72,0.74,12.6,8
10.2,0.29,1.34,6.47,2.77,5,50,0.9976,3.05,0.74,5.57,7
9,0.45,1.1,2.98,1.38,21,52.9,0.9987,3.35,0.57,13.4,5
6.6,0.39,0.806,1.86,3.72,23,49.2,0.9922,3.12,0.5,20.5,6
9,0.45,1,0.755,1.94,21,48.2,0.9987,3.35,0.57,3.53,5
9.9,0.49,3.01,7.82,0.846,9,46.5,1.0004,3.29,0.58,6.66,5
7.9,0.72,1.94,3.52,0.322,20,41.2,0.9978,3.4,0.53,4.99,5
8.9,0.595,1.73,1.71,1.39,30,39.8,0.9998,3.27,0.57,10.3,5
12.4,0.4,2.96,1.32,2.4,6,41.7,0.9994,3.04,0.6,17.6,6
11.9,0.58,0.00445,0.101,4.12,5,52.9,0.998,3.09,0.63,5.46,6
8.5,0.585,1.9,1.33,2.54,5,47.4,0.9967,3.2,0.48,8.02,6
12.7,0.59,1.12,3.06,0.502,11,39.3,1,3,0.7,9.98,6
8.2,0.915,1.24,0.514,3.31,7,50.4,0.9962,3.26,0.47,8.02,4
13.2,0.46,0.965,0.452,3.64,12,46.2,1.0006,3.1,0.56,2.33,6
7.7,0.835,1.83,0.0471,3.81,6,43.9,0.9975,3.3,0.52,17.5,5
13.2,0.46,4.31,4.83,0.324,12,54.9,1.0006,3.1,0.56,4.94,6
8.3,0.58,3.16,5.63,5.21,14,45.8,0.9984,3.17,0.62,10.7,6
8.3,0.6,3.01,1.83,1.17,6,45,0.9984,3.31,0.59,2.74,6
9.4,0.41,0.578,0.0364,2.78,10,40.3,0.9973,3.34,0.79,18.4,7
8.8,0.48,3.29,0.228,0.542,26,38.9,0.9982,3.31,0.53,17,6
10.1,0.65,0.694,0.15,2.29,11,44.6,1.0026,3.32,0.64,13.6,6
6.3,0.36,2.38,0.984,1.51,15,48.2,0.9956,3.56,0.52,20.5,6
8.8,0.24,0.742,6.84,4.94,25,49,0.9983,3.39,0.54,14.9,5
13.2,0.38,0.119,0.58,1.69,5,39.7,1.0006,2.98,0.54,10.4,5
7.5,0.64,0.0182,1.39,3.84,18,41.4,0.9965,3.32,0.6,10.9,6
8.2,0.39,1.31,4.34,0.713,10,42,0.9962,3.26,0.74,9.78,5
9.2,0.755,0.598,1.45,4.74,10,50.8,0.9969,2.87,1.36,13.1,6
9.6,0.6,2.28,3.85,0.747,28,51.1,0.9997,3.5,0.57,9.73,5
9.6,0.6,3.26,0.736,4.36,28,36.2,0.9997,3.5,0.57,3.28,5
11.5,0.31,1.54,3.1,1.35,14,41.9,0.9982,3.03,0.93,5.13,6
11.4,0.46,2.77,2.9,0.275,4,48.9,1.0006,3.13,0.7,16.1,5
11.3,0.37,1.37,2.65,0.386,6,40.1,0.9988,3.09,0.8,6.72,5
8.3,0.54,0.666,5.78,2.47,16,50.1,0.9976,3.27,0.61,10.5,5
8.2,0.56,1.92,5.28,2.1,14,42.4,0.9976,3.28,0.62,11.3,5
10,0.58,2.78,6.06,2.35,9,46.3,0.9974,3.13,0.55,11,5
7.9,0.51,0.0226,1.54,0.992,21,48.1,0.9974,3.49,0.96,5.41,6
6.8,0.69,1.69,0.214,1.96,21,39.3,0.9997,3.46,0.72,10.2,5
6.8,0.69,1.38,7.21,0.376,21,44.2,0.9997,3.46,0.72,14.4,5
8.8,0.6,2.99,3.36,2.87,5,41,0.9988,3.36,0.49,22.6,5
8.8,0.6,1.76,0.4,0.0338,5,42.5,0.9988,3.36,0.49,15.5,5
8.7,0.54,1.96,3.56,0.654,7,50.6,0.9976,3.27,0.6,10,6
7.6,0.685,2.32,1.55,2.46,20,48.4,0.9964,3.21,0.61,14.3,5
8.7,0.54,2.37,7.33,2.85,7,47.2,0.9976,3.27,0.6,12.9,6
10.4,0.28,3.29,1.81,0.667,5,45.7,0.9988,3.25,0.63,4.5,5
7.6,0.41,2.38,1.08,3.38,21,50.2,0.9964,3.32,0.57,19.4,6
10.1,0.935,1.34,2.73,1.07,11,48.2,1.001,3.43,0.64,18.6,4
7.9,0.35,0.884,8.1,0.369,46,45.5,0.9964,3.27,0.58,18.5,5
8.7,0.84,1.99,1.44,4.45,24,51.1,0.9954,3.27,0.55,17.1,5
9.6,0.88,2.46,1.62,0.337,30,43.7,0.9979,3.24,0.53,17.2,5
9.5,0.885,2.39,1.99,1.52,31,49.8,0.9978,3.24,0.53,17.8,5
7.7,0.915,2.55,0.422,2.28,7,41.1,0.9964,3.35,0.65,15.5,7
8.9,0.29,0.763,3.83,1.61,25,35.1,0.997,3.18,1.36,8.81,6
9.9,0.54,0.0941,3.74,2.27,16,39.4,0.9991,3.39,0.62,29.4,5
9.5,0.59,2.36,5.62,0.692,21,46.4,0.9992,3.46,0.63,15,5
9.9,0.54,2.58,1.38,0.0487,16,45.2,0.9991,3.39,0.62,9.82,5
9.5,0.59,1.16,11,0.658,21,48.3,0.9992,3.46,0.63,16.7,5
9.9,0.54,2.21,10.2,2.39,16,42.1,0.9991,3.39,0.62,21,5
7.8,0.64,1.22,2.49,1.68,5,43.8,0.9984,3.37,0.69,0.758,7
7.3,0.67,0.739,2.44,0.164,6,41,0.9972,3.4,0.63,1.79,5
8.3,0.845,1.38,2.44,2.62,5,48.2,0.9967,3.32,0.58,6.32,4
8.7,0.48,1.71,10.5,0.532,10,47,0.9964,3.33,0.67,7.59,7
6.7,0.42,2.99,5.13,2.68,24,54.5,0.9948,3.16,0.57,18.1,6
10.7,0.43,1.58,2.32,2.52,8,50,0.9986,2.89,0.5,10.2,5
9.8,0.88,0.668,4.32,0.668,35,46.3,1.001,3.41,0.67,7.4,5
15.9,0.36,2.12,5.08,1.61,22,53.1,0.9976,2.98,0.84,17.6,5
9.4,0.33,2.46,1.46,2.91,9,36.4,0.9976,3.12,0.54,13.3,6
8.6,0.47,1.35,7.03,2.59,7,51.5,0.9979,3.08,0.46,6.23,5
9.7,0.55,3.06,2.34,2.13,20,55.9,1.0004,3.14,0.61,8.58,5
10.7,0.43,2.29,6.64,1.64,8,42.1,0.9986,2.89,0.5,5.99,5
12,0.5,1.75,6.9,0.366,23,44.2,0.998,2.92,0.68,8.86,7
7.2,0.52,2.69,2.24,1.29,5,44.4,0.9973,3.32,0.81,15.7,6
7.1,0.84,2.51,1.83,0.635,5,50.4,0.997,3.41,0.57,12.7,4
7.2,0.52,3.91,2.16,1.8,5,47.7,0.9973,3.32,0.81,2.79,6
7.5,0.42,1.29,2.48,0.628,15,45.2,0.9978,3.31,0.64,4.31,5
7.2,0.57,2.5,3.24,0.879,9,44.2,0.9972,3.36,0.7,2.64,6
10.1,0.28,2.2,3.88,0.0934,5,48,0.9974,3.04,0.79,0.0545,6
12.1,0.4,3.2,7.28,0.993,15,50.1,1,3.03,0.66,5.61,5
9.4,0.59,0.748,1.16,2.4,25,45,0.9981,3.14,0.56,8.35,5
8.3,0.49,1.94,3.35,1.02,6,57.1,0.998,3.18,0.6,17,6
11.3,0.34,2.32,1.17,3.83,6,44.5,0.9988,2.94,0.66,8.21,6
10,0.73,3.25,6.28,0.66,15,45.6,0.9966,3.15,0.57,2.94,5
11.3,0.34,0.9,1.58,1.92,6,51,0.9988,2.94,0.66,1.79,6
6.9,0.4,1.1,9.87,2.56,30,38.4,0.9959,3.26,0.58,24.8,5
8.2,0.73,0.238,3.23,1.36,5,39.5,0.9968,3.2,0.52,19.8,5
9.8,1.24,1.56,0.133,3.2,32,50.3,0.998,3.15,0.53,13.3,5
8.2,0.73,1.61,3.04,0.414,5,50.5,0.9968,3.2,0.52,14.2,5
10.8,0.4,2.1,4.36,4.54,7,53.2,0.9984,3.08,0.67,8.39,6
9.3,0.41,2.66,1.03,3.58,12,37.7,0.9984,3.26,0.65,4.43,5
10.8,0.4,2.14,3.53,0.0374,7,53.3,0.9984,3.08,0.67,27.8,6
8.6,0.8,2.13,7.98,1.26,12,51.8,0.9979,3.4,0.48,4.39,5
8.3,0.78,0.033,1.79,0.473,45,48.2,0.9983,3.48,0.53,8.04,5
10.8,0.26,2.04,0.49,0.417,20,46.8,0.9972,3.13,0.54,11.9,5
13.3,0.43,0.519,6.28,0.0266,15,49.5,1.0004,3.06,0.49,16.5,5
8,0.45,1.58,2.6,3.01,16,48.3,0.9962,3.21,0.49,8.18,6
8.5,0.46,0.839,2.78,2.31,32,46.2,0.998,3.33,0.54,10.6,5
8.1,0.78,1.43,4.55,0.214,5,47.2,0.997,3.37,0.56,0.401,5
9.8,0.98,2.08,7.54,2.74,35,42.9,0.998,3.25,0.48,17.4,5
8.1,0.78,0.804,2.03,3.35,5,41.5,0.997,3.37,0.56,6.03,5
7.1,0.65,1.96,1.62,2.41,13,41.6,0.997,3.44,0.6,0.539,5
9.1,0.64,1.6,1.16,0.111,13,46,0.9998,3.28,0.59,1.45,5
7.7,0.66,2.86,1.16,0.782,4,51.6,0.9962,3.4,0.47,17.4,5
8.1,0.38,0.464,6.44,0.129,5,52.8,0.9976,3.3,1.05,2.69,5
7.4,1.185,3.07,5.67,2.42,5,41.8,0.9966,3.63,0.54,19.6,3
9.2,0.92,2.08,6.96,0.306,12,48,0.9998,3.48,0.54,16.7,5
8.6,0.49,1.52,3.59,0.3,16,47.5,0.9979,3.03,1.17,16.3,5
9,0.48,1.52,6.52,0.482,21,47,0.9984,3.32,0.62,17.6,5
9,0.47,1.75,4.36,1.58,24,46.6,0.9984,3.31,0.61,1.22,5
5.1,0.47,2.28,2.78,3.45,18,44.2,0.9921,3.9,0.62,3.09,6
7,0.65,1.13,11.1,2.21,8,43.4,0.9972,3.47,0.67,13.6,6
7,0.65,2.35,0.18,0.509,8,45.2,0.9972,3.47,0.67,17.6,6
9.4,0.615,1.36,4.7,2.86,18,43.7,1.0001,3.31,0.53,0.605,5
11.8,0.38,0.771,5.39,0.612,5,46.9,0.9986,3.11,0.62,13,6
10.6,1.02,1.86,1.4,1.46,26,40.4,0.9984,3.08,0.57,11.5,6
7,0.65,1.81,1.35,0.445,8,51.6,0.9972,3.47,0.67,5.27,6
7,0.64,1.02,10.2,1.81,9,44,0.997,3.47,0.67,9.42,6
7.5,0.38,2.3,10.7,1.21,22,42.4,0.9972,3.32,0.7,0.126,4
9.1,0.765,2.82,0.922,1.02,4,53.6,0.998,3.29,0.54,7.34,4
8.4,1.035,2.62,2.78,0.367,11,45.2,0.999,3.37,0.49,18.3,5
7,0.78,0.704,2.16,2.26,10,44.2,0.9956,3.4,0.47,17.5,5
7.4,0.49,0.816,3.88,0.39,16,42.5,0.9966,3.37,0.51,2.88,5
7.8,0.545,0.753,0.563,1.78,11,46.4,0.996,3.34,0.61,9.33,6
9.7,0.31,2.79,6.1,0.519,13,42.3,0.9983,3.27,0.66,4.01,6
10.6,1.025,0.913,8.54,0.915,21,48.2,0.9985,3.06,0.57,10.1,5
8.9,0.565,2.42,0.283,1.51,16,43.9,0.9998,3.38,0.61,7.7,5
8.7,0.69,1.72,4.95,0.254,13,41.3,0.9992,3.36,0.45,8.32,5
8,0.43,1.96,7.91,1.47,10,45.9,0.9976,3.34,0.46,11,5
9.9,0.74,1.8,3.2,1.44,21,49.5,0.998,3.28,0.51,19.7,5
7.2,0.49,1.47,8.27,2.42,13,46.1,0.9967,3.29,0.48,4.74,6
8,0.43,2.26,5.26,0.35,10,48.8,0.9976,3.34,0.46,8.08,5
7.6,0.46,0.565,6,3.05,12,43,0.9968,3.21,0.57,11.9,5
8.4,0.56,0.357,4.27,0.932,10,45,0.9976,3.22,0.44,18.8,5
7.1,0.66,1.98,1.31,1.18,17,46.4,0.9976,3.46,0.54,5.17,5
8.4,0.56,1.07,0.557,2.57,10,43.2,0.9976,3.22,0.44,7.66,5
8.9,0.48,0.234,0.827,1.98,35,42.8,0.9982,3.1,0.53,10.9,5
7.6,0.42,0.665,7.69,0.795,15,48.4,0.9968,3.21,0.59,7.61,5
7.1,0.31,1.42,8.44,0.771,36,53.6,0.9965,2.94,1.62,23,5
7.5,1.115,2.1,1.38,3.93,5,35,0.9958,3.54,0.6,2.18,4
9,0.66,2.35,2.25,2.39,5,53.2,0.9976,3.29,0.55,11.3,5
8.1,0.72,0.0397,4.17,4.97,18,46.8,0.9994,3.43,0.72,13.2,6
6.4,0.57,2.98,2.77,1.44,4,41.3,0.997,3.46,0.68,14.4,5
6.4,0.57,1.87,0.883,1.53,4,49,0.997,3.46,0.68,12.5,5
6.4,0.865,2.12,1.31,1.39,27,46.9,0.995,3.61,0.49,6.65,6
9.5,0.55,1.76,6.49,1.42,12,51.3,0.9982,3.17,0.67,2.25,5
8.9,0.875,2.66,3.82,1.37,4,46.8,0.9994,3.44,0.52,7.45,5
7.3,0.835,0.699,3.57,1.12,10,48.9,0.9966,3.39,0.47,13,5
7,0.45,0.987,2.3,0.341,16,51.1,0.998,3.55,0.6,15.3,5
7.7,0.56,0.726,2.72,2.01,9,43.9,0.9987,3.48,0.62,11.7,5
7.7,0.965,2.73,2.49,0.0342,11,43.6,0.9963,3.26,0.5,4.56,5
7.7,0.965,2.39,0.39,0.0284,11,50.4,0.9963,3.26,0.5,7.76,5
8.2,0.59,4.39,3.24,1.09,19,55.6,1.0002,3.5,0.65,3.94,6
9,0.46,2.12,0.0614,1.03,28,41.6,0.9983,3.1,0.56,20.1,5
9,0.69,0.864,2.26,1.11,19,54.3,0.999,3.35,0.6,7.57,5
8.3,0.76,2.57,3.84,0.186,12,54.7,0.9965,3.45,0.68,3.83,6
9.2,0.53,0.543,5.8,0.212,28,47.8,0.99788,3.21,0.57,4.12,5
6.5,0.615,0.526,1.19,0.794,9,42.5,0.9972,3.46,0.65,5.92,5
11.6,0.41,1.37,1.05,2.14,25,50.1,1.00024,3.13,0.53,2.89,5
11.1,0.39,0.918,2.52,1.34,21,45.6,1.0001,3.13,0.51,12.3,5
7.3,0.51,0.383,1.97,1.15,12,47.8,0.99768,3.52,0.73,12.2,6
8.2,0.34,1.52,2.01,1.9,12,50.1,0.9978,3.3,0.47,6.87,6
8.6,0.33,3.84,8.69,0.46,16,53.3,0.99782,3.3,0.48,8.08,5
7.2,0.5,2.98,4.49,0.348,12,40.1,0.99761,3.52,0.72,14.7,6
7.3,0.51,3.08,3.13,0.0969,12,50.3,0.99768,3.52,0.73,3.79,6
8.3,0.65,3.66,0.402,1.02,17,43.7,0.99803,3.29,0.55,15.3,5
8.3,0.65,0.861,6.45,1.68,17,40.3,0.99803,3.29,0.55,11.6,5
7.6,0.54,0.928,1.14,2.31,24,49.8,0.99785,3.39,0.61,13.3,5
8.3,0.65,2.93,1.9,0.575,17,47.8,0.99803,3.29,0.55,9.72,5
7.8,0.48,3.36,3.25,0.083,14,44.6,0.99656,3.09,1.06,9.48,6
7.8,0.91,0.811,1.22,1.83,22,46.1,0.99525,3.51,0.43,8.69,6
6.3,0.98,1.01,4.92,4.03,15,53.7,0.99488,3.6,0.46,19.6,6
8.1,0.87,1.82,1.31,3.43,10,54.5,0.99656,3.25,0.5,6.48,5
8.1,0.87,1.95,3.22,0.618,10,54.7,0.99656,3.25,0.5,19.8,5
8.8,0.42,0.742,2.52,0.354,33,46.3,0.99823,3.19,0.52,4.58,5
9,0.58,2.71,2.21,0.316,9,44,0.99779,3.23,0.57,18.3,5
9.3,0.655,0.341,3.01,0.149,5,44,0.99738,3.25,0.42,18.4,5
8.8,0.7,2.75,2.33,2.03,8,47.2,0.99701,3.31,0.53,8.78,6
9.3,0.655,2.19,2.46,2.12,5,50.2,0.99738,3.25,0.42,14.2,5
9.1,0.68,2.3,3.62,2.34,11,49.6,0.99888,3.31,0.55,12.2,6
9.2,0.67,2.94,4.01,3.22,12,38.7,0.99888,3.31,0.54,7.38,6
8.8,0.59,1.95,0.521,2.09,12,41.8,0.99738,3.14,0.54,13.4,5
7.5,0.6,2.57,7.06,2.37,13,50.5,0.99938,3.45,0.62,5.93,5
7.1,0.59,0.705,0.393,0.291,24,52.7,0.99744,3.55,0.53,13.5,6
7.9,0.72,2.7,2.91,2.36,7,43.8,0.99668,3.39,0.54,10.6,5
7.1,0.59,0.804,5.06,1.15,24,44.7,0.99744,3.55,0.53,3.84,6
9.4,0.685,3.25,7.55,1.83,23,49.8,0.9978,3.28,0.55,13.8,5
9.5,0.57,0.26,0.778,2.09,23,52,0.99782,3.27,0.55,8.45,5
7.9,0.4,1.85,4.54,1.39,1,49.9,0.9973,3.3,0.92,11,6
7.9,0.4,3.39,4.01,0.957,2,46.6,0.99727,3.31,0.91,0.839,6
7.2,1,3.24,0.346,1.17,7,40,0.99586,3.43,0.46,9.65,5
6.9,0.765,2.22,2.74,4.56,5.5,46.5,0.99612,3.4,0.6,13.1,6
6.9,0.635,0.14,1.62,2.8,6,46.6,0.9961,3.4,0.59,5.91,6
8.3,0.43,1.57,5,0.671,7,40.2,0.99788,3.36,0.61,7.56,5
7.1,0.52,0.014,0.59,2.8,21,29.4,0.99745,3.5,0.6,5.9,5
7,0.57,0.257,6.09,0.129,12,43.8,0.99676,3.31,0.6,13.4,6
6.5,0.46,2.2,4.66,1.47,9,49.3,0.99732,3.66,0.65,16.7,5
9,0.82,1.12,0.631,0.521,26,50.6,0.99814,3.36,0.53,9.47,5
6.5,0.46,2.58,0.0301,0.16,9,49.3,0.99732,3.66,0.65,15.5,5
7.1,0.59,1.25,1.01,0.713,20,45.2,0.99746,3.55,0.59,22,5
9.9,0.35,1.58,0.096,0.112,11,40.3,0.9982,3.21,0.5,15.5,5
9.9,0.35,0.585,3.08,1.8,11,51,0.9982,3.21,0.5,16.3,5
10,0.56,3.06,6.08,0.656,19,41.9,0.9991,3.18,0.56,4.25,6
10,0.56,1.9,3.09,3.94,19,47.9,0.9991,3.18,0.56,9.78,6
8.6,0.63,2.28,6.45,3.18,21,54.2,0.998,3.09,0.52,0.807,5
7.4,0.37,1.94,1.62,0.868,18,39.1,0.99708,3.33,0.68,12.7,6
8.8,0.64,0.563,3.26,3.45,25,51.7,0.99818,3.23,0.54,22.1,5
7.1,0.61,2.87,3.29,1.15,17,56.7,0.99745,3.48,0.6,15.9,6
7.7,0.6,2.41,4.08,2.48,7,59.3,0.99639,3.38,0.56,6.1,5
10.1,0.27,0.956,4.54,4.09,7,50.8,0.99531,3.17,0.53,6.32,6
10.8,0.89,1.64,2.55,1.52,7,51.1,0.99786,2.99,1.18,9.66,5
8.7,0.46,2.46,0.236,2.58,24,46.1,0.99746,3.1,0.74,10.5,5
9.3,0.37,0.46,0.339,3.96,21,45.3,0.99526,3.24,0.81,10.7,7
9.4,0.5,1.28,0.614,1.47,5,44.9,0.9987,3.29,0.52,14.9,6
9.4,0.5,0.435,4.6,0.571,5,54.2,0.9987,3.29,0.52,13.3,6
7.2,0.61,1.35,3.15,0.849,26,47.1,0.99641,3.25,0.51,12.8,5
8.6,0.55,1.04,1.68,0.581,8,45.6,0.99735,3.23,0.44,9.36,5
5.1,0.585,1.02,2.83,0.427,14,44.7,0.99264,3.56,0.94,8.36,7
7.7,0.56,1.78,1.53,3.11,14,50.5,0.9971,3.24,0.66,6.04,6
8.4,0.52,1.69,2.19,0.939,4,50.1,0.99682,3.26,0.57,11.1,6
8.2,0.28,0.105,4.58,0.531,4,48.9,0.99356,3.33,0.7,27.5,7
8.4,0.25,1.46,1.19,0.796,4,46.8,0.99386,3.27,0.71,13.4,7
8.2,0.28,1.23,10.1,2.48,4,51.2,0.99356,3.33,0.7,3.7,7
7.4,0.53,1.83,5.14,0.604,4,45,0.99702,3.26,0.86,17,5
7.6,0.48,2.23,3.16,0.505,4,49.3,0.99693,3.22,0.55,7.38,6
7.3,0.49,1.99,6.7,0.493,4,48.6,0.99562,3.3,0.47,7.89,5
12.9,0.5,1.28,0.676,1.43,7,50.6,1.00012,3.09,0.68,7.85,6
10.8,0.45,1.98,3.79,4.5,20,48,0.99818,3.24,0.71,11.3,5
6.9,0.39,0.273,5.59,1.96,4,46.3,0.99462,3.44,0.58,10,4
12.6,0.41,0.786,6.22,1.18,19,48.4,0.99939,3.21,0.76,7.87,6
10.8,0.45,0.347,1.34,0.0383,20,44.8,0.99818,3.24,0.71,16.3,5
9.8,0.51,1.25,0.885,0.867,8,45.2,0.9984,3.23,0.58,10.3,6
10.8,0.29,2.58,2.55,1.3,19,41.2,0.99545,3.28,0.73,15.4,6
7.1,0.715,2.6,4.8,0.344,21,48.1,0.99632,3.29,0.45,11.4,5
9.1,0.66,2.66,1.23,3.09,9,45.9,0.99976,3.28,0.54,12.2,5
7,0.685,2.99,3.95,1.51,9,39.8,0.99606,3.34,0.6,15.9,5
4.9,0.42,2.22,4.92,1.92,16,42.3,0.99154,3.71,0.74,6.87,7
6.7,0.54,2.63,3.47,1.13,15,50.1,0.9973,3.61,0.64,18.1,5
6.7,0.54,0.702,0.792,1.82,15,44.6,0.9973,3.61,0.64,17,5
7.1,0.48,0.86,1.32,2.86,6,54.3,0.99682,3.24,0.53,17.2,5
7.1,0.46,1.13,3.99,2.63,15,47.2,0.99624,3.36,0.49,0.717,5
7.5,0.27,2.04,0.808,0.1,4,51.4,0.9951,3.4,0.64,25,7
7.1,0.46,3.68,2.02,2.16,15,55.4,0.99624,3.36,0.49,6.45,5
7.8,0.57,1.88,2.81,0.75,34,39.7,0.99417,3.46,0.74,4.66,8
5.9,0.61,1.55,9.55,0.192,16,44.1,0.99376,3.56,0.77,4.56,6
7.5,0.685,1.19,2.1,0.941,5,37.7,0.99632,3.38,0.55,9.64,4
5.9,0.61,1.51,7.03,4.28,16,46.4,0.99376,3.56,0.77,9.64,6
10.4,0.44,1.19,2.37,0.402,34,49,0.99832,3.38,0.86,7.27,3
11.6,0.47,0.873,0.577,0.207,36,46.1,0.99836,3.38,0.86,12.4,4
8.8,0.685,1.15,0.226,0.957,16,47.9,0.99694,3.32,0.47,12.1,5
7.6,0.665,2.04,1.94,0.0588,27,46,0.99655,3.39,0.51,4.82,5
6.7,0.28,2.46,1.91,2,36,49.3,0.99064,3.26,0.39,11,7
6.7,0.28,3.52,5.35,0.821,36,36.5,0.99064,3.26,0.39,10.3,7
10.1,0.31,1.88,1.06,0.849,9,45.3,0.99672,3.24,0.83,15,7
6,0.5,2.49,2.44,1.47,13,37.4,0.99647,3.46,0.47,23.1,5
11.1,0.42,2.49,1.44,1.31,9,42.5,0.99736,3.24,0.77,18.9,7
6.6,0.66,0.485,2.75,0.949,21,43.6,0.99629,3.45,0.63,13.3,5
10.6,0.5,2.69,4.55,1.36,34,48,0.99708,3.23,0.72,4.94,6
7.1,0.685,0.509,2.99,2.42,9,50.3,0.9963,3.28,0.62,12.5,5
9.9,0.25,2.32,6.63,3.85,26,45,0.9959,3.18,0.83,8.36,6
6.4,0.64,0.929,1.87,2.41,14,43,0.99689,3.59,0.66,16.7,5
6.4,0.64,1.74,0.513,0.0174,14,45.6,0.99689,3.59,0.66,6.68,5
7.4,0.68,1.41,2.99,2.58,12,45.3,0.9977,3.5,0.7,0.191,6
6.4,0.64,1.92,2.82,0.576,14,50.9,0.99689,3.59,0.66,1.8,5
6.4,0.63,1.69,8.12,1.65,12,48.3,0.99689,3.58,0.66,9.94,5
9.3,0.43,2.14,1.55,1.17,9,45.9,0.99708,3.28,0.55,16.6,5
9.3,0.43,1.26,7.27,1.58,9,42.4,0.99708,3.28,0.55,5.56,5
8,0.42,0.994,1.43,3.27,26,49.6,0.99801,3.22,1.07,8.79,5
9.3,0.36,3.17,8.85,1.18,41,46.7,0.99652,3.47,0.73,13,6
9.3,0.36,3.06,0.0789,4.61,41,39.1,0.99652,3.47,0.73,5.94,6
7.6,0.735,0.495,2.13,0.301,10,50.8,0.99538,3.51,0.71,17.8,7
9.3,0.36,0.676,1.72,0.894,41,44.4,0.99652,3.47,0.73,17.5,6
8.2,0.26,1.36,2.66,2.63,16,47.8,0.99594,3.4,0.78,13.9,7
11.7,0.28,2.62,1.72,5.51,17,40,0.99686,3.15,0.67,5.16,7
6.8,0.56,0.401,1.59,1.46,15,44.5,0.99438,3.4,0.82,17.4,6
7.2,0.62,0.928,7.97,1.33,15,44.7,0.99746,3.51,0.54,21.8,5
5.8,1.01,0.646,6.43,3.25,15,42.1,0.99357,3.66,0.6,12.9,6
7.5,0.42,0.559,0.295,1.39,7,46.3,0.99628,3.24,0.44,10.3,5
7.2,0.62,1.43,4.53,0.855,17,49.9,0.99746,3.51,0.53,5.89,5
7.2,0.62,1.81,2.66,2.08,15,43.7,0.99746,3.51,0.54,16.8,5
7.2,0.635,2.15,5.32,1.55,16,48.1,0.99748,3.51,0.54,11.2,5
6.8,0.49,1.69,8.21,1.04,13,49.5,0.99438,3.41,0.83,6.18,6
6.9,0.51,1.9,1.2,0.916,13,38.3,0.99438,3.4,0.84,19.1,6
6.8,0.56,0.32,5.42,1.1,15,41.9,0.99438,3.4,0.82,7.39,6
7.6,0.63,2.22,6.05,2.46,27,50.2,0.99578,3.44,0.64,12.3,6
7.7,0.715,1.07,4.23,0.466,31,46.9,0.99371,3.41,0.57,8.64,6
6.9,0.56,2.16,0.785,0.133,36,47.5,0.99522,3.53,0.57,11,5
7.3,0.35,1.22,1.65,0.357,28,51.1,0.99576,3.43,0.54,11.4,4
9.1,0.21,0.225,0.22,4.69,6,49.3,0.99552,3.23,0.58,4.97,7
10.4,0.38,2.09,3.21,1.05,6,52.2,0.99664,3.12,0.65,6.93,7
8.8,0.31,0.864,1.84,2.72,7,47.5,0.99614,3.31,0.79,7.55,7
7.1,0.47,2.54,0.906,0.762,7,45.1,0.99517,3.4,0.58,12.6,4
7.7,0.715,2.15,1.34,0.577,31,49.6,0.99371,3.41,0.57,2.22,6
8.8,0.61,1.2,2.9,1.88,30,42.6,0.99787,3.22,0.5,7.7,6
7.2,0.6,3.05,5.49,0.423,18,40.9,0.99745,3.53,0.55,12.9,5
9.2,0.56,1.91,3.99,1.37,10,49.1,0.99576,3.15,0.49,11.1,5
7.6,0.715,1.78,4.79,1.3,30,44.2,0.99533,3.48,0.65,6.43,6
8.4,0.31,0.833,6.74,1.28,14,50,0.99536,3.22,0.78,9.41,6
7.2,0.6,2.09,5.02,1.35,18,49.2,0.99745,3.53,0.55,12.2,5
8.8,0.61,0.521,2.76,0.794,30,41.9,0.99787,3.22,0.5,22.9,6
8.9,0.75,1.66,5.83,3.64,9,51.6,0.99824,3.34,0.64,16.9,5
9,0.8,2.76,0.477,0.175,8,55.3,0.99836,3.33,0.65,5.58,6
10.7,0.52,2.93,2.72,1.64,29,45.7,0.99577,3.15,0.79,12.4,7
6.8,0.57,2.48,1.37,0.488,32,37.7,0.99491,3.43,0.56,15.5,6
10.7,0.9,1.31,1.52,0.783,23,44.4,1.00289,3.22,0.68,22,5
7.2,0.34,0.213,1.65,1.91,30,47.4,0.99576,3.44,0.58,16.1,5
7.2,0.66,1.46,5.76,0.562,16,52.9,0.99743,3.53,0.57,2.63,5
10.1,0.45,0.371,7.32,3.24,10,45.7,0.99774,3.22,0.65,6.08,6
7.2,0.66,2.85,0.29,0.318,16,43.1,0.99743,3.53,0.57,11.3,5
7.2,0.63,1.8,0.174,1.17,17,48.6,0.99745,3.53,0.58,13.1,6
7.1,0.59,2.88,2.68,3.65,27,38.3,0.9955,3.42,0.58,17.8,6
8.3,0.31,3.96,3.38,0.313,17,38.1,0.99444,3.31,0.77,1.17,7
7.1,0.59,0.0875,0.496,0.119,27,49.8,0.9955,3.42,0.58,1.71,6
8.3,0.31,1.18,6.7,0.431,17,59.4,0.99444,3.31,0.77,12.7,7
8.3,1.02,1.4,6.91,2.22,6,42.7,0.99892,3.48,0.49,4.76,3
8.9,0.31,0.209,0.325,1.73,10,44.6,0.99562,3.4,0.69,16.1,5
7.4,0.635,1.06,4.13,2.43,16,43.6,0.99736,3.58,0.69,20.6,7
7.4,0.635,0.211,6.05,1.43,16,41.9,0.99736,3.58,0.69,19.8,7
6.8,0.59,1.54,0.859,1.83,11,50.4,0.9962,3.41,0.59,13.6,7
6.8,0.59,1.34,4.29,0.694,11,43.7,0.9962,3.41,0.59,10.3,7
9.2,0.58,0.909,1.24,1.71,15,42.8,0.998,3.23,0.59,11,5
7.2,0.54,1.83,1.35,1.31,12,43.3,0.9964,3.39,0.71,7.55,5
6.1,0.56,1.48,3.76,1.44,6,42.4,0.9948,3.59,0.54,10.1,6
7.4,0.52,1.91,2.27,1.48,34,45.9,0.99528,3.43,0.59,9.99,6
7.3,0.305,0.95,6.47,0.993,7,40.8,0.99331,3.29,0.52,20.1,6
9.3,0.38,1.95,1.31,1.47,3,38.8,0.99577,3.23,0.57,9.86,6
9.1,0.28,1.51,1.83,0.153,3,53.3,0.99901,3.18,0.6,9.14,6
10,0.46,1.81,0.398,3.14,4,47.3,0.99674,3.33,0.62,3.51,6
9.4,0.395,2.58,2.37,1.6,3,50.3,0.99639,3.27,0.64,1.82,7
7.3,0.305,3.04,2.03,2.08,7,39.8,0.99331,3.29,0.52,16.3,6
8.6,0.315,0.514,0.944,0.41,3,42.9,0.99512,3.27,0.67,3.02,6
5.3,0.715,1.82,2.18,2.14,7,48.9,0.99395,3.62,0.61,5.04,5
6.8,0.41,0.998,0.758,0.335,26,41.3,0.99824,3.38,0.64,10.7,6
8.4,0.36,3.11,1.16,0.953,32,48.3,0.9964,3.3,0.72,10.2,6
8.4,0.62,1.69,4.1,0.272,38,44,0.99504,3.38,0.89,13.3,6
9.6,0.41,2.13,3.15,0.205,10,47.3,0.99786,3.24,0.56,18.9,5
8.4,0.36,2.23,0.888,0.842,32,47.2,0.9964,3.3,0.72,6.12,6
8.4,0.62,1.83,5.15,0.568,38,39.1,0.99504,3.38,0.89,18.5,6
6.8,0.41,1.37,5.95,1.11,26,47.3,0.99824,3.38,0.64,11.1,6
8.6,0.47,1.86,2.94,1.96,14,58.3,0.99516,3.18,0.8,6.22,5
8.6,0.22,0.123,3.71,1.34,53,45.9,0.99604,3.47,0.87,5.87,7
9.4,0.24,3.3,1.07,1.01,52,48.5,0.99786,3.47,0.9,17.9,6
8.4,0.67,1.3,2.09,1.2,11,47.7,0.99736,3.2,0.59,5.76,4
8.6,0.47,1.42,1.19,1.15,14,43.9,0.99516,3.18,0.8,5.65,5
8.7,0.33,0.484,4.38,4.89,10,43.9,0.99468,3.3,0.73,12.1,7
6.6,0.61,1.1,0.226,1.88,8,41,0.99746,3.69,0.73,11.9,5
7.4,0.61,1.97,2.75,0.239,13,49.2,0.99748,3.48,0.65,11,5
7.6,0.4,0.955,0.297,0.328,29,47.4,0.9971,3.45,0.59,11.4,6
7.4,0.61,0.00849,1.32,4.34,13,44.8,0.99748,3.48,0.65,8.93,5
6.6,0.61,2.77,3.43,0.312,8,45,0.99746,3.69,0.73,5.59,5
8.8,0.3,2.64,0.828,2.05,19,48.6,0.99543,3.39,0.72,6.45,6
8.8,0.3,2.92,2.98,3.15,19,50,0.99543,3.39,0.72,4.15,6
12,0.63,2.45,1.28,0.359,6,44.4,0.99791,3.07,0.6,5.93,4
7.2,0.38,2.56,1.21,0.572,23,43.2,0.99356,3.34,0.72,17.9,7
6.2,0.46,2.05,3.96,0.117,7,41.3,0.99425,3.61,0.54,8.98,5
9.6,0.33,2.01,3.61,2.18,13,51.5,0.99509,3.36,0.76,8.92,7
9.9,0.27,1.68,3.77,3.34,9,37.8,0.99484,3.19,0.52,16.7,7
10.1,0.43,2.04,1.36,0.389,13,57.5,0.99834,3.22,0.64,5.46,7
9.8,0.5,2.88,2.99,3.14,10,37.1,0.99864,3.24,0.6,12.9,7
8.3,0.3,1.18,0.00698,0.696,11,46.1,0.99498,3.27,0.64,19.9,7
10.2,0.44,2.01,6.66,0.805,7,43,0.99566,3.14,0.79,18.6,7
10.2,0.44,0.477,0.00585,0.48,11,42.7,0.99745,3.29,0.99,12.9,7
8.3,0.28,2.05,2.4,2.24,6,44.4,0.99408,3.26,0.62,4.28,7
8.9,0.12,1.46,3.45,1.58,10,48.8,0.99552,3.41,0.76,6.47,7
8.9,0.12,2.44,0.319,5.01,10,44.1,0.99552,3.41,0.76,18.3,7
8.9,0.12,2.26,3.9,1.97,10,44.6,0.99552,3.41,0.76,8.42,7
8.3,0.28,2.1,4.81,0.518,6,45.1,0.99408,3.26,0.62,13,7
8.2,0.31,2.55,2.45,0.38,6,54.4,0.99536,3.31,0.68,5.65,7
10.2,0.34,0.688,6.48,0.972,5,31.7,0.99458,3.2,0.69,26.5,7
7.6,0.43,1.65,2.11,0.548,6,49.7,0.99538,3.44,0.54,10.4,6
8.5,0.21,1.39,3.44,0.477,9,46.9,0.99648,3.36,0.67,20.6,5
9,0.36,1.56,4.06,0.454,5,50.4,0.99568,3.31,0.62,17.1,6
9.5,0.37,1.31,2.77,0.79,12,36.3,0.99613,3.29,0.58,14.3,6
6.4,0.57,1.15,0.982,0.392,25,49.7,0.99519,3.47,0.71,8.96,7
8,0.59,0.509,1.34,0.824,12,50.8,0.99735,3.36,0.61,12.5,5
8.5,0.47,3.89,3.35,1.24,18,47.3,0.99518,3.16,0.85,8.92,6
7.1,0.56,2.59,3.35,4.1,7,36.8,0.99592,3.27,0.62,7.56,5
6.6,0.57,1.1,8.46,0.48,6,38.4,0.99654,3.38,0.69,2.44,5
8.8,0.27,1.13,2.28,0.323,20,45.4,0.99546,3.15,0.69,10.6,6
8.5,0.47,2.46,6.46,2.9,18,44.1,0.99518,3.16,0.85,7.09,6
8.3,0.34,1.27,0.417,0.418,24,45,0.99554,3.34,0.86,8.29,6
9,0.38,0.219,4.61,0.655,6,51.3,0.99604,3.13,0.58,5.42,7
8.5,0.66,2.1,0.46,1.04,23,40,0.99733,3.13,0.48,10.3,5
9,0.4,1.39,2.43,3.61,29,50.2,0.9943,3.2,0.6,6.42,6
6.7,0.56,1.46,1.48,3.11,7,46.9,0.99669,3.46,0.61,2.79,5
10.4,0.26,1.34,1.09,1.2,6,34.2,0.99724,3.33,0.87,13.7,6
10.4,0.26,2.56,12.5,0.634,6,46.9,0.99724,3.33,0.87,10.6,6
10.1,0.38,0.934,3.61,4.22,6,43.5,0.99643,3.22,0.65,8.59,7
8.5,0.34,2.19,7.18,3.35,6,41.3,0.99605,3.52,0.63,4.11,5
8.8,0.33,0.847,1.74,0.447,7,55.9,0.99658,3.3,0.62,15.6,7
7.2,0.41,2.43,2.25,1.87,35,61.7,0.997,3.44,0.52,14.4,5
7.2,0.41,1.4,2.73,2.46,35,37.8,0.997,3.44,0.52,24.3,5
8.4,0.59,2.3,0.883,3.71,31,49.6,0.99801,3.15,0.5,8.91,5
7,0.4,1.96,0.509,1.22,9,47.5,0.99416,3.28,0.49,13.2,7
12.2,0.45,1.05,2.22,0.97,3,42.7,0.9969,3.13,0.63,21.5,5
9.1,0.5,3.1,4.11,0.405,8,38.8,0.99774,3.32,0.71,2.39,6
9.5,0.86,2.73,1.7,3.31,13,44.6,0.99712,3.25,0.62,5.15,5
7.3,0.52,2.37,3.63,1.83,51,41.1,0.99418,3.34,0.82,2.34,6
9.1,0.5,3.04,4.74,4.19,8,42.1,0.99774,3.32,0.71,8.73,6
12.2,0.45,3.42,5.38,2.06,3,51.7,0.9969,3.13,0.63,14,5
7.4,0.58,1.3,1.12,4.11,7,44.8,0.99562,3.45,0.58,10.6,6
9.8,0.34,1.46,8.16,1.7,3,49.4,0.9947,3.19,0.55,14.1,7
7.1,0.36,0.273,0.977,0.828,35,47,0.99693,3.44,0.5,12.7,5
7.7,0.39,3.02,0.351,2.94,19,51.1,0.99596,3.16,0.49,13.5,5
9.7,0.295,0.202,2.82,0.296,14,40.2,0.99556,3.14,0.51,7.81,6
7.7,0.39,1.51,0.33,2.22,19,54.5,0.99596,3.16,0.49,0.759,5
7.1,0.34,0.296,4.47,0.261,31,29.4,0.99694,3.45,0.48,24.3,5
6.5,0.4,2.18,5.89,1.42,30,52.8,0.99554,3.36,0.48,8.94,6
7.1,0.34,2.54,4.91,2.12,31,47.3,0.99694,3.45,0.48,1.92,5
10,0.35,2.04,0.587,1.55,20,47.4,0.99918,3.15,0.43,14.3,5
7.7,0.6,1.06,1.6,1.25,19,41.1,0.99697,3.39,0.62,17.2,6
5.6,0.66,1.76,2.39,1.22,3,35.2,0.99378,3.71,0.63,4.98,7
5.6,0.66,0.693,1.34,0.99,3,51.8,0.99378,3.71,0.63,17.6,7
8.9,0.84,1.64,2.63,3.63,4,48,0.99554,3.12,0.48,2,6
6.4,0.69,0.979,4.56,1.45,7,48.9,0.99162,3.47,0.53,4.51,6
7.5,0.43,0.655,1.67,0.0815,6,55,0.99495,3.44,0.72,8.35,7
9.9,0.35,1.64,0.967,1.52,31,47.1,0.99676,3.26,0.82,8.56,7
9.1,0.29,1.98,2.96,3.62,13,40,0.99516,3.26,0.84,13,7
6.8,0.36,2.32,4.35,0.595,4,46.7,0.9928,3.36,0.55,11.6,7
8.2,0.43,1.91,2.56,0.643,27,42.3,0.99603,3.25,0.54,14.9,5
6.8,0.36,1.32,5.85,2.84,4,51.7,0.9928,3.36,0.55,4.83,7
9.1,0.29,3.6,1.04,0.418,13,40.2,0.99516,3.26,0.84,7.16,7
9.1,0.3,2.31,1.48,0.573,12,42.5,0.99516,3.26,0.84,26,7
8.9,0.35,1.77,0.346,1.56,12,39.1,0.99549,3.23,0.7,6.65,7
9.6,0.5,1.76,5.82,1.55,26,51.7,0.99722,3.18,0.68,21.3,5
8.9,0.28,1.22,4.03,0.942,7,38.6,0.99354,3.25,0.55,8.03,7
8.9,0.32,0.106,3.67,0.0233,12,39,0.9957,3.17,0.55,10.1,6
7.7,1.005,1.66,3.16,0.996,11,41,0.99604,3.23,0.48,14.5,5
7.5,0.71,0.804,0.907,0.405,22,44.3,0.99635,3.38,0.58,5.02,6
8,0.58,1.15,0.509,1.81,3,36.9,0.99454,3.22,0.58,6.9,6
10.5,0.39,1.07,3.11,1.46,14,47,0.99598,3.06,0.84,12.2,6
8.9,0.38,1.85,2.02,2.02,12,47.8,0.99486,3.27,0.75,16.7,7
8,0.18,0.474,0.648,3.75,36,43.7,0.99007,2.89,0.44,17.1,6
8,0.18,0.575,1.95,0.652,36,48,0.99007,2.89,0.44,10.9,6
7,0.5,1.65,0.092,0.176,10,38.9,0.99636,3.53,0.61,3.86,5
11.3,0.36,1.77,2.21,1.13,3,36.3,0.99642,3.2,0.53,11.9,6
11.3,0.36,0.634,2.8,0.477,3,41.8,0.99642,3.2,0.53,23.7,6
7,0.51,2.27,3.14,0.317,4,46.7,0.99584,3.35,0.54,5.19,5
8.2,0.32,1.2,3.41,1.4,3,52.1,0.99506,3.27,0.55,15.5,6
7.7,0.58,0.31,3.24,3.13,12,36.4,0.99568,3.32,0.56,14.4,7
8.6,0.83,3.03,2.92,2.29,17,50.6,0.99822,3.33,0.6,1.19,6
7.9,0.31,1.38,1.67,0.423,14,52.2,0.99364,3.41,0.56,9.05,6
6.4,0.795,1.21,2.38,1.78,28,38.4,0.99378,3.49,0.52,15.3,5
7.2,0.34,0.255,5.98,1.92,41,50.3,0.99586,3.37,0.54,14.2,6
7.7,0.58,3.11,0.271,5.11,12,48.5,0.99568,3.32,0.56,20.2,7
7.1,0.59,0.0457,1.35,0.645,9,39.9,0.99488,3.42,0.55,7.46,7
7.3,0.55,2.31,4.29,1.58,9,47.9,0.99514,3.35,0.58,19.3,7
8.1,0.82,0.66,7.22,1.86,5,49.1,0.99854,3.36,0.53,1.05,5
7.5,0.57,3.2,0.617,0.406,14,48.8,0.99592,3.3,0.59,7.73,6
8.9,0.745,1.65,2.44,0.77,15,47.1,0.99739,3.2,0.47,24.3,6
10.1,0.37,2.13,3.93,3.35,5,54.1,0.99683,3.17,0.65,6.47,7
7.6,0.31,3.51,2.01,4.1,26,46,0.99356,3.22,0.59,10.3,7
7.3,0.91,2.97,1.44,0.434,20,52.8,0.99672,3.35,0.56,15.6,5
8.7,0.41,2.23,4.65,1.44,25,41.2,0.9953,3.24,0.77,0.785,7
8.9,0.5,1.31,0.381,2.15,21,50.8,0.99692,3.33,0.83,7.56,6
7.4,0.965,2.07,1.04,0.191,16,44.9,0.99756,3.58,0.67,14.7,5
6.9,0.49,1.07,3.54,2.36,13,49.8,0.99547,3.38,0.64,9.3,6
8.9,0.5,3.33,1.6,1.75,21,45.4,0.99692,3.33,0.83,0.459,6
9.5,0.39,2.57,7.65,0.85,18,32.3,0.99859,3.29,0.81,7.21,7
6.4,0.39,0.133,3.08,3.1,12,46.7,0.99294,3.36,0.62,5.08,6
6.9,0.44,3.68,1.5,0.855,32,40.1,0.99438,3.32,0.58,6.82,6
7.6,0.78,2.32,3.26,2.89,33,47.1,0.99612,3.31,0.62,23.1,6
7.1,0.43,1.12,1.41,1.29,27,35.9,0.99634,3.49,0.64,11.7,5
9.3,0.49,1.53,0.268,0.0406,3,53.2,0.99702,3.27,0.78,15,6
9.3,0.5,0.861,4.57,3.67,6,38.4,0.99704,3.27,0.77,11.4,6
7.1,0.43,1.97,4.31,2.93,27,40.4,0.99634,3.49,0.64,15.5,5
8.5,0.46,3.25,5.29,3.07,16,48.4,0.99702,3.03,1.34,23.8,5
5.6,0.605,1.64,2.73,1.45,19,38.2,0.99258,3.56,0.55,10.1,5
8.3,0.33,0.0114,2.57,0.279,9,52.9,0.99426,3.38,0.77,11.4,7
8.2,0.64,1.53,0.234,2.28,5,42.2,0.99747,3.13,0.62,11.1,6
8.2,0.64,0.67,2.62,2.45,5,47.1,0.99747,3.13,0.62,6.18,6
8.9,0.48,2.2,0.219,1.57,3,44.3,0.99586,3.21,0.59,5.35,7
7.6,0.42,1.41,5.79,0.0393,28,44.2,0.99784,3.15,0.57,8.64,5
9.9,0.53,2.1,4.53,3.76,30,30.4,0.9971,3.19,0.76,5.12,7
8.9,0.48,1.61,0.511,1.65,3,42.7,0.99586,3.21,0.59,16.7,7
11.6,0.23,1.38,4.08,1.8,3,42.6,0.9981,3.14,0.7,5.21,6
9.1,0.4,0.349,2.19,1.05,7,44.9,0.99462,3.21,0.69,10.5,8
8,0.38,0.454,4.97,1.6,6,51.6,0.9956,3.3,0.64,11.2,6
10.2,0.29,0.682,0.91,1.93,6,47.7,0.99565,3.22,0.63,21.9,6
8.2,0.74,2.31,3.02,1.08,5,43.3,0.99418,3.28,0.57,11.4,6
7.7,0.61,0.837,2.26,2.7,6,40.1,0.9963,3.29,0.6,11.8,6
6.6,0.52,3.65,2.7,0.893,13,46.2,0.99358,3.4,0.72,12.4,7
11.1,0.31,3.68,3.21,1.57,3,44.2,0.99572,3.02,0.83,8.33,7
11.1,0.31,2.77,0.78,0.394,3,45.4,0.99572,3.02,0.83,15.1,7
8,0.62,2.04,7.65,1.1,28,46.7,0.997,3.31,0.62,12.7,5
9.3,0.33,0.931,1.49,0.913,19,43.1,0.99498,3.18,0.89,5.71,7
7.5,0.77,1.35,0.811,4.84,30,41.4,0.99892,3.2,0.58,7.84,5
7.2,0.35,4.1,2.1,0.958,33,43,0.9968,3.4,0.58,4.3,6
8,0.62,3.21,3.36,1.6,16,50.7,0.9972,3.31,0.58,8.78,6
7.5,0.77,0.931,3.26,0.155,30,43.2,0.99892,3.2,0.58,7.5,5
9.1,0.25,3.59,0.136,0.607,45,33.5,0.99769,3.44,0.86,21.5,7
9.9,0.32,4.67,1.37,3.21,3,41.6,0.99534,3.15,0.73,13,6
8.6,0.37,0.518,1.99,2.75,3,51.6,0.99817,3.27,0.58,8.92,5
8.6,0.37,1.95,0.974,4.5,3,58.3,0.99817,3.27,0.58,3.6,5
7.9,0.3,2.11,4.07,1.15,37.5,38.8,0.99316,3.01,0.51,9.69,7
10.3,0.27,3.18,2.4,0.65,3,47.3,0.99471,3.16,0.51,0.379,6
7.9,0.3,1.34,5.03,1.97,37.5,44.4,0.99316,3.01,0.51,10.6,7
7.2,0.38,0.288,0.259,2.23,31,48.3,0.99685,3.42,0.59,8.31,6
8.7,0.42,1.65,5.69,1.5,32,46.9,0.99617,3.33,0.77,8.64,6
7.2,0.38,1.55,3.58,1.51,31,41,0.99685,3.42,0.59,17.1,6
6.8,0.48,0.976,2.06,2.63,40,49.3,0.99529,3.12,0.49,13.6,5
8.5,0.34,3.23,2.91,0.522,3,43.8,0.99738,3.38,0.66,5.87,7
7.9,0.19,1.54,1.05,0.508,18,45.3,0.994,3.29,0.69,16.3,6
11.6,0.41,0.176,0.0402,2.01,22,38.8,0.99735,3.02,0.76,17.3,7
11.6,0.41,2.4,3.31,0.471,22,42.1,0.99735,3.02,0.76,4.51,7
10,0.26,1.98,4.08,0.757,42,47.5,0.99451,2.98,0.63,4.51,8
7.9,0.34,0.853,0.263,2.13,8,48.2,0.99546,3.35,0.6,12.5,6
7,0.54,1.62,2.95,0.916,10,44.2,0.99479,3.43,0.59,4.38,6
9.2,0.31,1.32,4.85,1.37,11,47.6,0.99615,3.33,0.86,10.1,7
6.6,0.725,2.31,2.23,0.754,9,46.4,0.99655,3.35,0.49,14.5,6
9.4,0.4,0.58,7.5,0.919,6,48.1,0.99772,3.15,0.5,7.59,5
6.6,0.725,0.891,0.839,1.54,9,49.9,0.99655,3.35,0.49,10.2,6
8.6,0.52,1.41,4.32,0.172,5,55,0.99666,3.2,0.52,7.99,5
8,0.31,0.475,1.41,0.964,5,50.3,0.99358,3.15,0.81,11.9,7
8.6,0.52,1.73,1.41,1.29,5,45.4,0.99666,3.2,0.52,2.01,5
8.4,0.34,0.0995,1.31,1.28,23,52.2,0.99392,3.11,0.78,13,6
7.4,0.49,2.33,1.06,0.14,14,48.8,0.99388,3.35,0.63,19,6
6.1,0.48,3.16,0.182,1.14,18,51.3,0.99402,3.45,0.54,9.19,6
7.4,0.49,0.257,1.94,0.181,14,49.1,0.99388,3.35,0.63,10.9,6
8,0.48,3.56,0.108,2.58,16,45.8,0.9936,3.28,0.66,23.3,6
6.3,0.57,0.585,6.38,0.612,13,44.9,0.99374,3.41,0.6,2.66,5
8.2,0.23,1.24,6.22,1.81,9,44.4,0.99376,3.21,0.54,5.03,6
9.1,0.3,1.41,1.03,1.3,10,56.6,0.99523,3.27,0.85,24.3,7
8.1,0.78,2.32,0.0989,1.03,4,46.4,0.99855,3.36,0.49,4.98,5
10.8,0.47,1.04,1.7,1.58,27,50.6,0.9982,3.17,0.76,15.8,6
8.3,0.53,0.95,6.47,1.89,6,50.7,0.99593,3.25,0.64,14.2,6
5.4,0.42,1.14,3.57,0.473,23,52.3,0.99471,3.78,0.64,18.8,7
7.9,0.33,1.35,4.83,2.59,6,53.5,0.99396,3.29,0.71,18.6,6
8.9,0.24,2.12,1.63,0.273,3,44.6,0.99698,3.12,0.59,15.8,6
5,0.4,1.04,6.24,1.94,29,48,0.9902,3.49,0.66,15.8,6
7,0.69,1.37,3.8,1.24,15,50.7,0.99572,3.38,0.6,0.454,6
7,0.69,2.15,4.27,1.06,15,53.3,0.99572,3.38,0.6,19,6
7,0.69,1.43,3.46,1.21,15,49.5,0.99572,3.38,0.6,18.5,6
7.1,0.39,0.401,6.5,3.31,14,43.8,0.99252,3.3,0.53,11.4,6
5.6,0.66,1.79,0.99,2.85,7,50.5,0.99256,3.52,0.58,10.6,5
7.9,0.54,1.04,6.08,1.22,8,51.2,0.99235,3.2,0.72,19,8
6.6,0.5,2.36,0.714,1.2,21,41.4,0.99352,3.44,0.55,2.9,6
6.3,0.47,0.854,1.87,1.39,27,46.8,0.9922,3.45,0.48,12.3,6
10.7,0.4,2.2,1.4,0.262,17,45.1,0.99674,3.12,0.65,15.2,6
6.5,0.58,1.18,0.153,0.205,3,54,0.99557,3.62,0.62,13.5,4
8.8,0.24,0.656,0.231,1.43,13,39.8,0.99394,3.14,0.59,17,7
5.8,0.29,2.45,4.4,3.35,3,45.9,0.9915,3.39,0.54,15.2,6
6.3,0.76,0.966,4.05,1.05,26,50.5,0.99379,3.51,0.6,7.42,6
10,0.43,1.56,6.28,2.49,28,52.1,0.9984,3.22,0.68,10.5,5
10.5,0.43,1.73,3.15,2.44,24,44.1,0.99798,3.21,0.69,1.61,6
9.1,0.6,1.67,4.09,0.595,5,44.1,0.9977,3.18,0.63,15.3,6
5.9,0.19,1.95,5.39,2.07,57,37.1,0.99341,3.32,0.44,13.9,5
7.4,0.36,0.741,2.4,1.21,18,37.4,0.9933,3.38,0.88,9.96,7
7.2,0.48,0.584,1.02,2.24,10,35.1,0.99684,3.37,0.68,2.45,7
8.5,0.28,2.24,3.1,0.0188,6,51.4,0.99524,3.3,0.74,11.8,7
8,0.25,2.63,6.07,2.52,22,52.4,0.9946,3.38,0.6,15.9,6
10.4,0.52,0.476,5.06,0.697,6,39.8,0.99774,3.22,0.76,8.79,6
10.4,0.52,1.9,1.35,4.05,6,56,0.99774,3.22,0.76,17.5,6
7.5,0.41,1.8,3.72,2.75,29,46.3,0.99786,3.14,0.58,9.96,5
8.2,0.51,0.758,0.842,6.54,16,44.3,0.99764,3.34,0.64,13.5,6
7.3,0.4,2.51,4.3,1.89,33,47,0.9969,3.41,0.65,16.1,6
8.2,0.38,2.18,0.305,0.487,24,50.8,0.99624,3.27,0.85,0.144,6
6.9,0.45,1.65,5.7,3.08,6,43.2,0.99354,3.3,0.65,3.19,6
7,0.22,1.68,0.105,4.69,16,40.2,0.99672,3.61,0.82,17,6
7.3,0.32,3.27,1.6,1.36,35,55.7,0.99588,3.43,0.62,8.57,5
8.2,0.2,2.69,0.858,0.409,31,46.1,0.99672,3.53,0.81,15.7,6
7.8,0.5,1.12,0.335,2.41,6,45.3,0.996,3.28,0.87,15.6,6
10,0.41,2.68,3.73,0.718,6,48.6,0.99702,3.21,0.49,10.6,7
7.8,0.39,1.92,7.14,2.55,9,42.4,0.99526,3.39,0.66,13.1,6
10,0.35,1.47,2.3,2.08,6,51.3,0.99585,3.23,0.52,7.82,6
8.2,0.33,2.83,3.69,1.7,4,46.8,0.99473,3.3,0.76,6.71,7
6.1,0.58,3.5,0.774,0.117,16,49.7,0.99352,3.46,0.65,3.23,6
8.3,0.6,1.72,1.34,0.31,9,51.4,0.99616,3.15,0.53,13,5
9.6,0.42,2.43,2.04,2.31,17,45.1,0.99622,3.23,0.66,11.4,6
6.6,0.58,1.25,0.986,0.919,50,53.1,0.99544,3.59,0.68,16.5,6
8.3,0.6,1.22,3.11,2.89,9,40.6,0.99616,3.15,0.53,19.2,5
8.5,0.18,1.19,0.288,0.356,45,43.9,0.99524,3.33,0.76,4.69,7
5.1,0.51,1.97,0.893,5.12,16,53.2,0.9924,3.46,0.87,6.68,7
6.7,0.41,0.405,4.68,1.72,22,46.1,0.99572,3.42,1.16,1.22,6
10.2,0.41,0.528,5.12,0.665,11,36.2,0.99728,3.16,0.67,9.68,5
10.6,0.36,2.92,7.45,0.53,6,43.3,0.99676,3.14,0.72,10.5,7
8.8,0.45,1.03,1.37,0.226,12,47.1,0.99551,3.21,0.75,11,6
8.5,0.32,1.08,1.46,2.4,12,35.5,0.99434,3.14,0.71,4.32,7
9,0.785,1.84,2.33,2.37,10,45.1,0.99692,3.29,0.67,15.7,5
9,0.785,1.91,4.77,3.66,10,43.4,0.99692,3.29,0.67,21.8,5
8.5,0.44,2.53,5.57,1.23,15,43.3,0.99634,3.01,1.1,6.05,5
9.9,0.54,1.59,0.502,1.94,7,47.8,0.99709,2.94,0.98,20.6,5
8.2,0.33,2.17,1.84,1.17,29,57.5,0.99528,3.32,0.88,17.1,7
6.5,0.34,2.65,5.54,0.271,8,44.9,0.99384,3.21,0.56,0.0831,6
7.6,0.5,1.93,1.33,2.05,5,40,0.99502,3.32,0.62,5.43,6
9.2,0.36,1.25,0.0334,0.852,5,45.4,0.99667,3.2,0.67,20.4,6
7.1,0.59,0.148,0.481,4.25,26,49,0.99522,3.42,0.68,14.1,6
9.7,0.42,2.68,1.63,2.69,5,41.1,0.99649,3.27,0.74,16.6,6
7.6,0.36,2.03,5.02,1.57,26,43.5,0.99716,3.46,0.62,23.2,6
7.6,0.36,2.35,1.8,1.17,26,47.8,0.99716,3.46,0.62,15.7,6
6.5,0.61,0.281,1.2,3.81,48,45.8,0.99541,3.61,0.7,6.31,6
6.5,0.88,1.73,3.12,3.07,23,51.2,0.99572,3.58,0.5,13.7,4
7.1,0.66,1.15,0.0845,1.44,6,47.8,0.99318,3.35,0.66,13.3,7
5.6,0.915,1.29,2.08,0.718,17,51.4,0.99346,3.68,0.73,8.73,5
8.2,0.35,1.42,7.3,3.29,11,41.6,0.99599,3.27,0.81,13.7,6
8.2,0.35,0.748,1.14,5.24,11,47.6,0.99599,3.27,0.81,9.49,6
9.8,0.39,2.08,4.28,0.0633,5,39.5,0.99478,3.19,0.46,23.9,5
10.2,0.4,2,1.61,1.18,41,45.9,0.99754,3.38,0.86,11.4,6
6.8,0.66,2.04,2.7,0.0207,16,51,0.99572,3.29,0.6,7.19,5
6.7,0.64,1.33,5.77,1.01,11,46.7,0.99538,3.36,0.7,11.3,5
7,0.43,3.37,4.31,1.49,6,47.5,0.99346,3.33,0.46,8.87,6
6.6,0.8,2.11,2.49,0.782,6,40.5,0.9963,3.52,0.5,16.2,5
7,0.43,2.62,0.339,0.554,6,49.4,0.99346,3.33,0.46,18.1,6
6.7,0.64,2.6,0.493,0.693,11,43.3,0.99538,3.36,0.7,14.1,5
8.8,0.955,1.4,5.82,0.972,5,45.7,0.99616,3.3,0.44,13.1,4
9.1,0.4,1.56,1.32,0.506,6,48.2,0.99652,3.28,0.57,3.28,6
6.5,0.885,1.91,4.46,2.35,6,45.4,0.99551,3.56,0.51,12.7,5
7.2,0.25,2.96,0.842,0.231,11,50.6,0.99439,3.52,0.8,4.69,7
6.4,0.885,2.75,3.46,1.77,6,52.7,0.99551,3.56,0.51,2.07,5
7,0.745,0.422,3.5,1.9,15,41.5,0.99588,3.22,0.59,14,6
6.2,0.43,4.2,4.21,4.05,21,47.1,0.99633,3.52,0.6,14.6,6
7.9,0.58,3.39,0.0821,0.946,23,50.4,0.99686,3.21,0.58,13.3,6
7.7,0.57,2.34,1.04,2.01,4,50.3,0.99458,3.16,0.54,0.81,6
7.7,0.26,0.832,0.999,0.516,19,44.2,0.9951,3.15,0.79,0.994,6
7.9,0.58,0.962,1.54,1.04,23,49,0.99686,3.21,0.58,8.39,6
7.7,0.57,0.0781,8.08,2.2,4,33.8,0.99458,3.16,0.54,7.44,6
7.9,0.34,1.89,4.04,0.948,5,51.8,0.99419,3.27,0.54,13.8,7
8.6,0.42,1.22,2.34,2.56,6,46.1,0.99516,3.35,0.69,14.3,8
9.9,0.74,1.48,0.991,1.01,33,52.6,0.99878,3.14,0.55,8.43,5
7.2,0.36,2.15,0.886,1.98,24,51.1,0.99534,3.4,0.85,21.8,7
7.2,0.36,3.2,2.85,0.684,24,43.9,0.99534,3.4,0.85,14.2,7
7.2,0.36,1.77,3.22,2.1,24,44.5,0.99534,3.4,0.85,10.1,7
9.9,0.72,0.186,5.27,1.09,24,45.9,0.99752,3.35,0.94,8.89,5
7.2,0.36,0.527,0.943,1.79,24,47.4,0.99534,3.4,0.85,20,7
6.2,0.39,2.73,0.585,0.406,14,48.5,0.99428,3.45,0.87,12.2,7
6.8,0.65,3.28,0.968,0.0199,8,43.2,0.99498,3.35,0.62,5.79,6
6.6,0.44,0.444,3.89,1.16,22,44,0.9957,3.32,0.62,3.4,5
6.8,0.65,1.94,0.0836,2.08,8,35.8,0.99498,3.35,0.62,15,6
9.6,0.38,1.32,1.78,2.01,5,44.4,0.99659,3.15,0.75,7.34,6
10.2,0.33,3.23,1.56,3.15,6,35.4,0.99628,3.1,0.48,17.4,6
8.8,0.27,0.466,5.58,1.05,20,43.5,0.99488,3.26,0.56,8.83,6
7.9,0.57,1.89,3.19,1.22,10,50.2,0.99677,3.29,0.69,9.04,6
8.2,0.34,1.68,7.6,1.16,43,55.4,0.99408,3.23,0.81,4.26,6
8.2,0.4,2.75,1.86,5.85,8,51.5,0.996,3.24,0.69,17.5,6
9,0.39,2.94,0.509,3.11,25,52.4,0.99478,3.2,0.83,13.1,6
10.9,0.32,1.53,0.0235,0.412,17,54,0.99734,3.28,0.77,9.61,6
10.9,0.32,1.77,1.66,0.112,17,40.1,0.99734,3.28,0.77,8.69,6
8.1,0.53,2.44,8.96,0.741,33,42.5,0.99678,3.26,0.46,3.76,6
10.5,0.36,1.93,1.89,0.272,9,42.4,0.99638,3.23,0.76,11.1,6
12.6,0.39,2.17,4.31,2.29,8,42.3,0.9992,3.07,0.82,12.9,6
9.2,0.46,2.12,1.95,1.84,18,53.7,0.99922,3.15,0.51,11.7,5
7.5,0.58,1.4,3.41,0.158,27,54.5,0.99592,3.02,0.47,17.4,5
9,0.58,2.27,0.0127,0.324,8,44.4,0.99769,3.27,0.72,19.9,5
5.1,0.42,0.27,6.8,0.178,18,46.4,0.99157,3.68,0.73,10.7,7
7.6,0.43,1.25,1.42,0.0381,19,46.9,0.99718,3.4,0.64,6.51,5
7.7,0.18,0.604,1.88,1.14,15,57.7,0.9947,3.37,0.78,5.48,6
7.8,0.815,0.695,3.03,2.76,48,47.5,0.99621,3.38,0.62,5.88,5
7.6,0.43,1.13,1.91,1.79,19,55.3,0.99718,3.4,0.64,1.38,5
10.2,0.23,0.949,0.871,2.01,14,45.8,0.99614,3.23,0.49,21.4,4
7.1,0.75,1.13,4.48,0.508,11,44.6,0.99242,3.39,0.4,0.151,6
6,0.33,2.73,3.17,1.78,6,47.4,0.99572,3.3,0.56,16.3,4
7.8,0.55,1.84,1.83,1.81,7,47.3,0.99659,3.26,0.64,19.2,6
7.1,0.75,2.08,0.393,1.01,11,46.1,0.99242,3.39,0.4,11.2,6
8.1,0.73,2.25,5.42,1.39,12,53.2,0.99798,3.38,0.46,9.05,4
6.5,0.67,3.07,1.25,3.86,11,53.9,0.99488,3.45,0.56,20.2,4
7.5,0.61,0.221,3.33,1.01,36,41.5,0.99494,3.1,0.4,13.2,5
9.8,0.37,0.214,5.85,2.06,28,44.9,0.99729,3.16,0.59,9.19,5
9,0.4,1.72,3.26,0.671,15,42.4,0.99414,3.22,0.6,3.96,6
8.3,0.56,2.08,3.48,1.46,10,47.6,0.9983,3.37,0.62,1.14,5
5.9,0.29,1.1,0.545,1.69,72,59.2,0.99721,3.33,0.54,14.1,6
7.4,0.55,0.669,3.16,1.11,15,44,0.99655,3.49,0.68,7.85,5
7.4,0.74,1.12,0.509,1.27,15,53.3,0.99502,3.12,0.48,10.6,5
7.4,0.55,0.767,5.66,0.117,15,43.9,0.99655,3.49,0.68,5.81,5
6.9,0.41,1.74,1.31,1.73,22,48.1,0.9949,3.41,0.75,12.9,6
7.1,0.6,2.14,2.43,4.51,24,51.9,0.99514,3.4,0.61,5.53,6
7.1,0.6,1.05,1.02,1.83,24,38.1,0.99514,3.4,0.61,0.806,6
7.5,0.58,1.06,6.54,3.07,27,48.3,0.9963,3.28,0.59,12.9,5
7.1,0.72,0.484,1.03,0.474,6,45,0.99627,3.45,0.58,20.1,5
7.9,0.66,0.191,0.608,2,6,48.3,0.99569,3.43,0.58,12.4,5
7.8,0.7,0.264,4.82,0.0862,20,41.4,0.99628,3.4,0.69,3.02,5
6.1,0.64,1.95,2,3.87,26,53.5,0.99358,3.47,0.45,12.3,5
7.5,0.59,2.11,3.06,1.28,43,47.4,0.99499,3.1,0.42,20.3,5
7,0.58,0.453,3.41,0.42,12,45,0.99633,3.32,0.7,8.05,6
6.8,0.64,1.26,5.58,1.04,15,54.2,0.99538,3.44,0.63,2.93,6
6.8,0.64,0.116,4.63,0.25,15,36.8,0.99538,3.44,0.63,9.67,6
8.6,0.635,0.604,2.3,1.78,19,42.1,0.99632,3.02,1.15,13.3,5
6.3,1.02,1.96,1.54,0.304,17,46.6,0.99437,3.59,0.55,12.1,4
9.8,0.45,1.15,6.85,1.93,34,38.7,0.99726,3.15,0.58,11.1,5
8.2,0.78,2.04,1.21,4.25,13,49.3,0.9978,3.37,0.46,8.51,4
8.5,0.37,0.169,0.379,1.2,26,38.4,0.99456,3.38,0.72,13.1,6
7.2,0.57,0.843,2.16,1.7,16,43.3,0.99564,3.38,0.6,26.6,6
7.2,0.57,1.95,4.18,3.13,16,42.4,0.99564,3.38,0.6,10.1,6
10.4,0.43,1.92,1.54,4.23,13,48.9,0.996,3.1,0.87,2.52,6
6.9,0.41,0.373,3.11,0.783,21,50.1,0.99668,3.47,0.55,11.6,6
5.5,0.49,1.28,4.36,0.926,28,45.4,0.9908,3.5,0.82,14,8
5,0.38,3.05,2.71,0.785,26,53.2,0.99084,3.7,0.75,3.87,6
7.3,0.44,2.47,0.359,1.73,24,44.9,0.9935,3.38,0.57,3.23,6
5.9,0.46,0.167,1.95,1.87,25,36.8,0.99385,3.5,0.53,15.7,5
7.5,0.58,2.59,1.41,1.4,34,45.8,0.99494,3.1,0.43,9.87,5
7.8,0.58,0.895,6.27,0.474,17,51.5,0.9944,3.24,0.53,9.52,6
8,0.715,0.865,2.33,0.441,13,44.7,0.99688,3.24,0.54,15.6,6
8.5,0.4,3.22,0.85,0.31,3,50.7,0.99566,3.28,0.56,13.6,4
7,0.69,1.61,5.05,2.08,3,44.8,0.99636,3.35,0.6,5.94,6
8,0.715,2.09,5.76,4.22,13,41.1,0.99688,3.24,0.54,7.11,6
9.8,0.3,2,6.73,0.682,3,38.2,0.9948,3.14,0.57,11.6,7
7.1,0.46,3.02,2.72,2.46,28,50.9,0.9956,3.37,0.64,11,6
7.1,0.46,1.44,3.47,1.6,28,57.2,0.9956,3.37,0.64,23.5,6
7.9,0.765,1.24,5.12,1.05,9,44.7,0.99619,3.33,0.68,12.8,6
8.7,0.63,2.52,0.175,2.18,17,53.1,0.99734,3.26,0.63,7.7,6
7,0.42,2.99,6.87,0.787,18,46.5,0.99476,3.39,0.56,0.917,5
11.3,0.37,0.813,9.44,2.08,20,39,0.99734,3.15,0.57,18.2,5
7.1,0.16,1.01,0.607,1.89,17,39.8,0.99328,3.35,0.54,24.2,6
8,0.6,1.42,2.97,1.08,3,51.3,0.99286,3.22,0.37,11,5
7,0.6,1.84,6.85,0.725,20,46.1,0.99914,3.3,1.17,12.5,5
7,0.6,0.308,4.91,1.83,20,52.8,0.99914,3.3,1.17,9.87,5
7.6,0.74,0.366,3.84,0.672,6,50.4,0.99521,3.36,0.59,13.3,5
8.2,0.635,2,8.87,3.19,25,40.4,0.99638,3.29,0.75,0.937,6
5.9,0.395,1.91,1.15,1.7,14,50.7,0.99362,3.62,0.67,19.8,6
7.5,0.755,3.27,4.46,0.574,6,49.8,0.99672,3.34,0.49,12.2,4
8.2,0.635,1.69,0.228,1.23,25,44.2,0.99638,3.29,0.75,13.8,6
6.6,0.63,2.74,4.12,0.882,51,43.9,0.99558,3.2,0.45,7.96,5
6.6,0.63,2.11,0.561,0.684,51,46,0.99558,3.2,0.45,15.4,5
7.2,0.53,0.735,6.44,0.825,15,45.8,0.99323,3.35,0.61,9.21,6
5.7,0.6,0.642,1.99,0.172,11,43.3,0.99191,3.45,0.56,9.66,6
7.6,1.58,0.509,2.9,0.0493,5,44,0.99476,3.5,0.4,11.4,3
5.2,0.645,0.919,8.42,1.13,15,46,0.99444,3.78,0.61,15.2,6
6.7,0.86,1.12,3.97,1.74,20,48.8,0.99598,3.6,0.74,13.1,6
9.1,0.37,3.11,0.359,1.66,4,43.3,0.99576,3.3,0.8,4.12,6
8,0.28,0.468,4.52,1.06,28,48.2,0.99501,3.36,0.66,10.7,5
7.6,0.79,1.9,0.152,2.65,21,36.9,0.9955,3.12,0.44,0.00266,5
7.5,0.61,2.4,1.24,3.44,24,51.1,0.99612,3.3,0.53,19,5
9.7,0.69,2.43,6.9,1.7,22,47.4,0.9979,3.29,0.62,14.2,5
6.8,0.68,0.107,2.65,0.731,15,41,0.99524,3.41,0.52,9.37,4
9.7,0.69,0.464,3.14,0.952,22,45.4,0.9979,3.29,0.62,5.89,5
7,0.62,1.59,6.99,2.38,27,46.2,0.996,3.28,0.61,10.4,5
7.5,0.61,2.6,6.72,2.95,24,46.9,0.99612,3.3,0.53,6.17,5
6.5,0.51,1.93,2.2,1.43,12,55.4,0.9929,3.33,0.59,8.2,6
8,1.18,1.85,0.839,0.576,14,41.9,0.99532,3.34,0.47,17.9,5
7,0.36,1.35,1.61,3.07,20,45.5,0.99558,3.4,0.54,4.73,6
7,0.36,3.17,1.97,1.81,24,46.5,0.99556,3.4,0.53,22.5,6
7.5,0.63,2,0.354,0.309,17,49.8,0.99616,3.26,0.58,12.9,6
5.4,0.74,0.903,4.56,1.69,16,37.9,0.99258,4.01,0.59,16.3,6
9.9,0.44,2.01,1.56,6.5,10,46.5,0.99638,3.18,0.69,15.6,6
7.5,0.63,1.36,6.56,2.06,17,47.2,0.99616,3.26,0.58,22.7,6
9.1,0.76,2.45,1.18,1.53,18,55,0.99652,2.9,1.33,29,6
9.7,0.66,3.47,3.9,0.797,12,44.2,0.99796,3.26,0.66,3.34,5
5,0.74,0.952,0.838,3.53,16,48,0.99258,4.01,0.59,4.96,6
9.1,0.34,0.35,2.7,1.28,9,43.2,0.99392,3.18,0.55,10.1,5
9.1,0.36,0.735,3.42,1.02,21,41.4,0.99495,3.18,0.82,14.6,7
6.7,0.46,1.04,4.32,2.84,18,48.7,0.9948,3.39,0.6,1.91,6
6.7,0.46,2.17,1.56,1.6,18,48.2,0.9948,3.39,0.6,13.4,6
6.7,0.46,1.63,5.17,0.235,18,52.3,0.9948,3.39,0.6,13.8,6
6.7,0.46,2.22,5.89,2.73,18,49,0.9948,3.39,0.6,1.43,6
6.5,0.52,1.98,1.07,2.61,13,52.6,0.9955,3.34,0.52,19.5,5
7.4,0.6,1.88,5.17,0.469,17,44.6,0.99616,3.29,0.56,16.3,6
7.4,0.6,2.33,0.928,0.132,17,49.1,0.99616,3.29,0.56,0.853,6
7.8,0.87,1.41,1.13,0.18,31,41.6,0.99668,3.26,0.46,4.64,5
8.4,0.39,2.88,7.85,1.81,6,53.6,0.99581,3.09,0.43,14.2,6
9.1,0.775,1.34,0.739,0.533,12,44.3,0.9976,3.18,0.51,6.88,5
7.2,0.835,1.52,2.86,0.84,4,43.8,0.99608,3.39,0.52,15.4,5
6.6,0.58,0.0234,5.67,0.811,19,35.1,0.99387,3.38,0.66,5.72,6
6,0.5,0.781,2.06,0.192,15,49.5,0.99448,3.36,0.45,2.08,5
6,0.5,1.16,1.51,1.82,15,47.6,0.99448,3.36,0.45,14.2,5
6,0.5,1.58,4.24,0.973,15,48.8,0.99448,3.36,0.45,9.89,5
7.5,0.51,0.211,0.375,1.56,13,52,0.99538,3.36,0.54,8.3,6
7.5,0.51,2.36,0.048,0.472,13,38.6,0.99538,3.36,0.54,8.93,6
7.5,0.51,1.36,2.83,2.3,13,41,0.99538,3.36,0.54,12.8,6
7.6,0.54,0.889,5.52,1.97,17,46.1,0.99589,3.37,0.51,12.5,6
7.5,0.51,1.49,1.84,0.195,13,46.2,0.99538,3.36,0.54,3.11,6
11.5,0.42,3.24,1.04,3.6,8,50.7,0.99852,3.09,0.53,9.51,5
8.2,0.44,0.0262,6.36,1.58,10,48.4,0.99613,3.25,0.53,18.3,6
6.1,0.59,0.595,1.89,0.807,5,42.1,0.99472,3.52,0.56,10.7,5
7.2,0.655,1.18,1.93,3.65,7,40.7,0.99587,3.34,0.39,15.4,5
7.2,0.655,0.83,0.944,0.107,7,39.2,0.99587,3.34,0.39,11.6,5
6.9,0.57,1.43,3.46,0.213,21,37,0.99518,3.41,0.52,3.6,5
9,0.6,3.34,3.25,3.58,32,42.5,0.99654,3.34,0.57,15.2,5
7.2,0.62,1.29,2.86,3.16,8,46.4,0.99332,3.32,0.51,0.567,6
7.6,0.645,0.364,1.22,0.547,14,47.6,0.9969,3.37,0.46,5.95,5
7.6,0.645,3.79,0.17,0.535,14,41.4,0.9969,3.37,0.46,1.48,5
7.2,0.58,1.26,6.48,1.81,7,48.2,0.99568,3.35,0.52,2.76,5
6.1,0.32,1.9,5.56,2.24,5,39.4,0.99464,3.36,0.44,5.39,5
6.1,0.34,1.97,1.75,1.2,4,37.2,0.99464,3.36,0.44,2.56,5
7.3,0.43,0.884,2.3,0.597,27,50.3,0.99648,3.6,0.59,12.7,6
7.4,0.64,1.91,0.379,0.567,52,51.2,0.99736,3.28,0.5,10.9,5
11.6,0.475,1.53,7.09,3.09,6,49.4,0.99704,3.07,0.65,1.97,6
9.2,0.54,1.33,0.261,0.632,11,50.1,0.99699,3.24,0.56,13.3,5
8.3,0.85,1.02,2.86,1.33,13,41.3,0.99724,3.36,0.54,5.83,5
11.6,0.475,0.613,8.28,1.84,6,45.8,0.99704,3.07,0.65,9.77,6
8,0.83,0.317,2.03,0.478,11,50.4,0.99652,3.29,0.48,12.7,4
7.2,0.605,0.0274,0.155,0.372,10,48.8,0.995,3.46,0.53,13.1,6
7.8,0.5,3.1,2.77,3.09,10,42.3,0.9971,3.18,0.62,5.5,5
7.3,0.74,0.814,0.344,2.07,10,51.3,0.99576,3.24,0.5,7.51,5
6.9,0.54,1.43,7.38,0.508,9,46.8,0.99725,3.25,1.18,6.18,6
8,0.77,2.26,5.66,2.55,16,41.8,0.99656,3.27,0.5,8.42,6
6.6,0.61,2.69,5.39,0.277,4,48.9,0.99396,3.33,0.37,6.93,4
8.7,0.78,2.48,1.12,0.595,12,46.9,0.99623,3,1.17,15.5,5
7.5,0.58,1.29,0.585,1.29,5,55,0.99476,3.21,1.03,7.01,6
8.7,0.78,1.93,6.24,0.455,12,39.5,0.99623,3,1.17,13.7,5
7.7,0.75,1.51,7.55,1.86,34,55.4,0.99664,3.24,0.45,10,5
6.8,0.815,1.99,4.84,1.5,16,52.3,0.99471,3.32,0.51,5.65,3
7.2,0.56,2.54,4.86,3.62,13,44.5,0.99586,3.26,0.52,17.2,5
8.2,0.885,2.03,4.77,0.599,7,44.8,0.9946,3.11,0.46,9.74,5
5.2,0.49,2.29,1.27,0.671,23,58.5,0.9953,3.71,0.62,21.2,6
7.2,0.45,2.7,4.17,3.92,10,52,0.99609,3.29,0.51,0.264,6
7.5,0.57,0.715,2.77,2.82,11,49.5,0.99557,3.36,0.62,10.1,6
7.5,0.57,0.921,0.0383,1.86,11,42.8,0.99557,3.36,0.62,7.44,6
6.8,0.83,1.24,2.63,1.13,4,52.3,0.99534,3.38,0.45,24.2,5
8,0.6,1.55,2.3,0.34,25,49.4,0.99613,3.3,0.49,7.47,5
8,0.6,0.231,1.39,1.61,25,39.5,0.99613,3.3,0.49,11.1,5
7.1,0.755,4.15,1.73,1.85,20,41.6,0.99593,3.19,0.5,8.48,5
8,0.81,3.02,5.48,1.13,34,44.6,0.99668,3.19,0.42,1.37,5
7.4,0.64,1.54,3.17,1.35,8,54.2,0.9961,3.3,0.58,8.71,5
7.4,0.64,2.68,2.49,1.27,8,46.6,0.9961,3.3,0.58,3.21,5
6.6,0.64,1.37,2.23,0.344,7,43,0.99718,3.35,0.68,6.68,5
6.7,0.48,1.87,7.48,2.49,36,56.1,0.99524,3.1,0.53,13.9,5
6,0.49,2.83,5.43,0.476,15,43.8,0.99292,3.58,0.59,17.9,6
8,0.64,1.83,4.1,2.67,5,43.9,0.99612,3.37,0.58,1.93,5
7.1,0.62,1.23,3.41,2,5,49.6,0.9942,3.17,0.48,7.59,5
8,0.52,0.59,0.337,0.665,19,45.9,0.99612,3.3,0.48,7.43,5
6.4,0.57,2.01,4.31,1.56,27,40,0.99669,3.32,0.48,9.65,5
8.6,0.685,1.32,3.86,1.72,3,51.8,0.99745,3.31,0.65,16.8,6
8.7,0.675,2.59,1.43,1.73,4,50,0.99745,3.31,0.65,23.8,5
7.3,0.59,2.56,1.12,0.398,17,49.8,0.99584,3.28,0.52,10.7,5
7,0.6,2.57,8.68,1.38,13,51.8,0.9966,3.52,0.62,5.53,7
7.2,0.67,1.61,6.27,0.513,10,34,0.9956,3.42,0.72,3.21,6
7.9,0.69,0.179,2.54,0.0384,33,52.3,0.9962,3.25,0.51,5.27,5
7.9,0.69,1.91,6.34,0.368,33,41.3,0.9962,3.25,0.51,2.85,5
7.6,0.3,2.38,0.231,0.705,6,52.6,0.9963,3.44,0.82,20.7,6
7.2,0.33,2.21,2.91,1,3,44.7,0.996,3.23,1.1,14.4,8
8,0.5,3.71,6.96,4.99,12,56.3,0.9985,3.43,0.62,11.1,6
7.7,0.28,2.17,2.26,4.98,18,47,0.9952,3.28,0.9,1.89,7
8.2,0.24,2.64,5.01,3.46,8,43.7,0.9974,3.22,0.94,17.1,6
6,0.51,2.99,6.65,3.02,40,33.8,0.995,3.54,0.93,9.29,6
8.1,0.29,1.51,4.28,1.24,35,44.4,0.995,3.27,1.01,13.8,7
6,0.51,1.28,1.18,3.84,40,48.8,0.995,3.54,0.93,9.65,6
6.6,0.96,0.611,3.71,0.889,5,41.6,0.9936,3.5,0.44,13.9,6
6.4,0.47,1.36,0.00119,2.69,8,52.1,0.9963,3.56,0.73,4.64,6
8.2,0.24,2.25,1.94,4.96,8,44.9,0.9974,3.22,0.94,6.85,6
9.9,0.57,2.09,5.01,0.0306,12,38.4,0.9963,3.04,0.9,5.56,5
10,0.32,2.3,8.89,2.84,3,49.3,0.9994,3.2,0.78,11,5
6.2,0.58,2.21,6.18,3.58,8,42.8,0.9966,3.56,0.84,7.08,5
10,0.32,2.24,0.0451,0.117,3,48.4,0.9994,3.2,0.78,2.27,5
7.3,0.34,2.14,0.935,0.44,21,48,0.9952,3.35,0.77,2.86,7
7.8,0.53,1.38,5.97,0.142,3,46.4,0.995,3.16,0.46,18.8,5
7.7,0.64,2.06,3.75,2.42,32,44.1,0.9956,3.27,0.45,21.3,5
7.8,0.53,1.61,2.66,1.78,3,40.7,0.995,3.16,0.46,6.03,5
7.5,0.4,1.94,1.16,0.133,24,38.6,0.9965,3.34,0.58,2.16,5
7,0.54,1.52,4.58,2.18,39,48.4,0.9956,3.39,0.84,9.85,6
6.4,0.53,0.0712,9.54,0.902,14,48.9,0.9968,3.5,0.67,7.39,4
8.3,0.26,1.23,3.96,1.21,8,41.8,0.9974,3.26,0.7,13.4,6
8.3,0.26,1.92,2.68,0.0923,8,36.6,0.9974,3.26,0.7,5.31,6
7.7,0.23,1.16,3.35,0.248,23,41.1,0.9971,3.41,0.71,12.3,6
7.6,0.41,0.939,3.21,2.43,6,51.9,0.9957,3.3,0.58,3.03,5
7.8,0.64,1.28,3.17,1.29,27,49.5,0.9962,3.31,0.63,15.1,5
7.9,0.18,3.04,1.58,0.696,38,50.3,0.996,3.33,0.93,9.54,5
7.4,0.41,1.51,1.7,0.742,18,39.7,0.9956,3.37,0.62,9.73,5
7.6,0.43,2.48,7.14,0.991,13,44.2,0.9958,3.26,0.54,1.38,6
5.9,0.44,1.49,3.79,3.08,3,47,0.9944,3.48,0.85,13.2,6
6.1,0.4,2.12,4.07,2.4,11,43,0.9955,3.42,0.74,14,7
10.2,0.54,1.39,4.83,0.45,55,51.4,1.00369,3.18,0.77,15.3,6
10.2,0.54,0.259,7.23,1.38,55,51.6,1.00369,3.18,0.77,20.2,6
10,0.38,1.62,7.8,1.23,27,52.1,0.99914,3.15,0.65,5.27,5
6.8,0.915,1.34,1.76,0.284,15,46.3,0.99577,3.53,0.54,16.3,5
7,0.59,0.448,0.423,0.225,3,48.7,0.996,3.41,0.47,11.4,5
7.3,0.67,0.802,5.3,2.72,31,49.2,0.99566,3.32,0.68,6.97,6
7.2,0.37,4.27,1.81,0.548,15,46.4,0.9947,3.23,0.73,4.46,7
7.4,0.785,1.99,0.294,0.416,19,47.9,0.99713,3.16,0.52,7.99,6
6.9,0.63,1.35,2.96,1.72,18,47.7,0.99712,3.4,0.75,9.49,5
6.9,0.58,0.133,1.4,2.65,8,45.7,0.99322,3.38,0.49,0.604,5
7.3,0.67,2.04,4.47,0.0844,31,40.7,0.99566,3.32,0.68,7.42,6
7.4,0.785,2.86,4.31,2.89,19,54.8,0.99713,3.16,0.52,13.2,6
6.9,0.63,0.148,2.73,1.76,18,39,0.99712,3.4,0.75,7.75,5
6.8,0.67,1.64,1.85,0.982,22,39,0.99701,3.4,0.74,3.91,5
6.9,0.58,1.58,2.2,0.657,40,42.9,0.99683,3.4,0.73,13.5,5
7.2,0.38,1.06,4.27,2.76,15,45.8,0.99472,3.23,0.76,8.72,8
7.2,0.37,2.19,1.71,1.79,15,54,0.9947,3.23,0.73,21.4,7
7.8,0.32,1.73,1.08,1.55,8,52.8,0.99732,3.33,0.78,2.18,7
6.6,0.58,2.27,2.4,0.734,37,46.3,0.99374,3.35,0.76,16.9,7
7.6,0.49,0.859,2.67,0.312,27,38,0.99706,3.41,0.58,24.3,5
11.7,0.45,3.66,8.37,0.927,7,40.7,0.99974,3.21,0.69,7.15,6
6.5,0.9,1.33,0.766,0.687,9,47.6,0.99467,3.5,0.63,12.6,6
6,0.54,0.12,1.39,0.314,38,50.3,0.99236,3.3,0.5,6.04,6
7.6,0.49,1.59,0.766,2.36,27,46.1,0.99706,3.41,0.58,12.2,5
8.4,0.29,1.17,0.254,1.21,8,38,0.99603,3.39,0.6,1.91,5
7.9,0.2,3.13,3.27,1.94,7,40.5,0.99458,3.32,0.8,16.4,7
6.4,0.42,1.13,0.742,5.05,34,43.2,0.99724,3.41,0.68,16.3,6
6.2,0.785,0.304,2.01,0.649,6,47.6,0.99664,3.59,0.61,14.5,4
6.8,0.64,1.88,4.35,0.755,14,50,0.99545,3.36,0.58,12.6,6
6.9,0.63,1.76,5.2,2.84,14,39.1,0.99522,3.34,0.53,16.6,6
6.8,0.59,1.57,1.86,0.669,34,35.4,0.9958,3.41,0.67,6,5
6.8,0.59,1.5,3,0.203,34,36.7,0.9958,3.41,0.67,19.8,5
7.3,0.48,2.75,5.57,0.833,31,50.5,0.99728,3.3,0.65,7.26,7
6.7,1.04,2.17,6.26,4.45,19,51.1,0.99648,3.52,0.57,18.2,4
7.3,0.48,1.56,0.859,4.63,31,51.7,0.99728,3.3,0.65,14.8,7
7.3,0.98,0.623,0.546,0.619,20,42.8,0.99705,3.31,0.55,16.2,3
10,0.69,0.608,4.46,2.52,8,45.9,0.99578,2.88,0.47,8.71,5
6.7,0.7,2.5,6.75,1.39,8,43.1,0.99334,3.43,0.52,13.2,5
7.6,0.35,2.06,1.3,0.856,23,43.9,0.99656,3.38,0.79,16.6,6
6.1,0.6,0.653,2.87,1.65,14,51.2,0.99336,3.38,0.54,10.8,5
9.9,0.5,2.31,0.816,0.152,48,47,1.00242,3.16,0.75,9.62,5
5.3,0.47,1.38,2.23,0.179,16,40.6,0.99182,3.54,0.88,17,7
9.9,0.5,2.79,6.22,1.81,48,43,1.00242,3.16,0.75,12.2,5
5.3,0.47,2.17,5.39,3.38,16,46.6,0.99182,3.54,0.88,7.3,7
7.1,0.875,1.72,3.61,0.553,3,46.3,0.99808,3.4,0.52,10.9,3
8.2,0.28,0.386,2.01,0.352,10,45.1,0.99828,3.39,0.68,13.2,5
5.6,0.62,1.82,2.17,0.127,6,52.2,0.99498,3.66,0.62,11.8,4
8.2,0.28,0.373,0.377,0.731,10,46.4,0.99828,3.39,0.68,10.8,5
7.2,0.58,0.776,3.71,2.18,3,48.8,0.99719,3.33,0.57,11.1,4
8.1,0.33,1.04,3.73,1.81,6,55,0.99542,3.35,0.61,15.7,5
6.8,0.91,0.00663,3.52,2.29,4,45.8,0.99592,3.53,0.64,16.4,4
7,0.655,3.02,4.19,0.185,8,53,0.99606,3.37,0.55,12.9,5
6.8,0.68,2.97,5.87,0.00965,9,45.3,0.99546,3.38,0.6,18.2,5
6,0.64,2.33,4.26,0.231,9,39.3,0.99496,3.52,0.78,4.39,5
5.6,0.54,0.373,4.41,1.25,5,53.9,0.9942,3.72,0.58,14.8,5
6.2,0.57,0.29,7.26,1.79,4,46.6,0.99448,3.44,0.76,9.14,6
7.1,0.22,1,5.11,0.479,8,54.5,0.99344,3.39,0.56,8.15,6
5.6,0.54,3.9,9.85,0.999,5,40.7,0.9942,3.72,0.58,9.02,5
6.2,0.65,0.508,2.11,1.9,6,54.3,0.99348,3.57,0.54,20.3,5
7.7,0.54,0.938,2.04,1.99,23,37.6,0.99636,3.26,0.59,14.5,5
6.4,0.31,0.782,1.83,2.89,15,41.4,0.99459,3.42,0.7,2.44,7
7,0.43,0.469,6.14,0.772,15,47.4,0.99492,3.35,0.81,10.8,6
7.7,0.54,1.31,1.59,2.77,23,40.3,0.99636,3.26,0.59,12.1,5
6.9,0.74,1.81,0.281,2.61,7,55.2,0.99508,3.45,0.63,12.2,6
6.6,0.895,3.75,2.05,1.5,7,46.3,0.99582,3.53,0.58,7.44,6
6.9,0.74,3.74,3.12,2.04,7,36.8,0.99508,3.45,0.63,7.77,6
7.5,0.725,1.56,0.844,3.34,8,44.4,0.99508,3.26,0.53,5.15,5
7.8,0.82,0.952,0.83,0.561,21,46.4,0.99642,3.16,0.53,9.92,5
7.3,0.585,4.7,4.85,0.0993,15,53.2,0.99638,3.31,0.54,11.5,5
6.2,0.44,1.05,2.14,2.15,6,49,0.99555,3.51,0.69,8.58,6
7.5,0.38,3.94,0.813,0.202,5,43.9,0.99605,3.36,0.55,19.9,6
6.7,0.76,1.08,7.17,1.97,6,48.8,0.996,3.55,0.63,3.1,3
6.8,0.81,2.31,1.91,2.29,6,54.9,0.99562,3.51,0.66,1.84,6
7.5,0.38,1.34,2.95,0.177,5,56.3,0.99605,3.36,0.55,12.3,6
7.1,0.27,1.49,2.86,0.866,17,50.9,0.99814,3.38,0.72,11.5,6
7.9,0.18,0.153,8.02,5,7,49.1,0.9941,3.28,0.7,4.13,5
6.4,0.36,3.59,2.12,0.676,26,47.5,0.99661,3.47,0.77,6.22,6
7.1,0.69,1.92,5.59,1.17,19,50.3,0.99712,3.44,0.67,9.72,5
6.4,0.79,1.32,4.92,0.503,11,43,0.99588,3.53,0.65,10.3,6
6.4,0.56,1,4.53,1.03,17,49.4,0.99294,3.33,0.6,8.8,6
6.9,0.84,2.96,7.39,1.16,16,52.5,0.99842,3.53,0.72,14.8,6
6.9,0.84,2.6,3.34,1.2,16,41,0.99842,3.53,0.72,10.5,6
6.1,0.32,2.78,0.558,2.71,23,46.3,0.99633,3.42,0.97,19.5,5
6.5,0.53,1.24,2.31,0.139,29,46.3,0.99489,3.38,0.83,8.25,6
7.4,0.47,2.34,0.675,0.745,7,47,0.99647,3.32,0.63,13.3,5
6.6,0.7,1.06,7.64,0.434,14,48.8,0.99665,3.44,0.58,10.5,5
6.5,0.53,1.67,2.02,3.57,29,42.2,0.99489,3.38,0.83,3.78,6
6.9,0.48,1.78,4.75,5.41,9,42.3,0.99585,3.39,0.43,12.8,4
6.1,0.32,1.68,2.27,0.346,23,50.7,0.99633,3.42,0.97,2.23,5
6.8,0.48,0.588,2.03,1.04,29,44,0.9953,3.34,0.6,6.53,5
6,0.42,0.602,0.528,0.654,22,51.2,0.99522,3.39,0.78,3.87,6
6.7,0.48,1.04,5.11,0.752,18,41.8,0.99552,3.33,0.64,5.04,5
6.8,0.47,1.77,5.93,1.18,18,49.8,0.99553,3.3,0.65,11,6
7.1,0.53,1.76,2.67,1.53,15,44.2,0.9951,3.29,0.66,0.417,6
7.9,0.29,2.99,0.558,0.1,21,46.4,0.99714,3.31,0.67,9.2,6
7.1,0.69,0.281,2.89,0.892,42,51.8,0.99608,3.42,0.6,16.1,6
6.6,0.44,2.88,2.01,0.105,9,54.2,0.99444,3.42,0.69,3.24,6
6.1,0.705,2.47,2.21,0.838,13,43,0.99631,3.6,0.66,12.5,5
7.2,0.53,3.56,2.44,2.14,18,46,0.99573,3.21,0.68,7.55,6
8,0.39,2.55,3.59,1.59,32,48.7,0.99717,3.39,0.61,9.12,5
6.6,0.56,2.7,1.02,0.415,13,38.7,0.99397,3.42,0.62,3.34,7
7,0.55,0.412,0.715,0.101,15,50.4,0.9959,3.36,0.59,10.7,6
6.1,0.53,0.292,0.728,1.57,24,33.4,0.99528,3.6,0.68,14.9,6
5.4,0.58,2.87,4.86,0.947,20,45.3,0.99484,3.5,0.64,15.4,6
6.2,0.64,1.89,3.74,1.98,15,51.8,0.99538,3.57,0.63,10.4,5
7.2,0.39,1.98,2.95,0.564,34,48.6,0.99714,3.46,0.78,16.3,5
6.2,0.52,2.81,2.91,3.01,11,43,0.99646,3.56,0.63,4.24,6
7.4,0.25,1.54,8.25,0.506,19,45.1,0.99666,3.4,0.76,12.9,7
6.7,0.855,2.81,2.1,1.67,29,45.6,0.99472,3.3,0.56,4.4,6
11.1,0.44,1.71,2.48,0.0807,14,46.3,0.99758,3.25,0.57,16.8,6
8.4,0.37,0.169,1.36,0.112,12,48.6,0.9955,3.17,0.81,10.4,7
6.5,0.63,1.28,0.0993,0.0248,16,45.5,0.99531,3.36,0.64,9.32,6
7,0.57,0.958,0.91,3.06,17,45.2,0.99575,3.36,0.61,15.8,5
6.3,0.6,0.409,4.42,3.72,12,48.9,0.99306,3.55,0.51,6.22,5
11.2,0.4,2.69,5.27,2.24,19,53.8,0.99783,3.1,0.58,9.12,5
7.4,0.36,0.666,0.193,1.23,17,40.3,0.99419,3.24,0.7,17.7,8
7.1,0.68,0.55,0.667,1.05,17,48.4,0.99783,3.45,0.53,17.6,5
7.1,0.67,1.65,5.23,0.329,18,54.2,0.99768,3.44,0.54,17,5
6.3,0.68,3.23,5.57,2.51,32,46.4,0.99586,3.51,0.66,1.94,6
7.3,0.735,4,2.44,3.52,18,49.3,0.99765,3.41,0.6,8.76,5
6.6,0.855,0.548,0.301,1.07,15,45.5,0.99627,3.54,0.6,2.56,6
7,0.56,2.5,4.99,2.04,15,50.5,0.99514,3.44,0.68,1.12,7
6.6,0.88,1.37,7.35,0.949,12,44,0.99636,3.53,0.56,9.16,5
6.6,0.855,0.828,4.58,0.489,15,43.8,0.99627,3.54,0.6,12.3,6
6.9,0.63,1.03,2.11,2.44,66,48.3,0.99787,3.22,0.56,16.9,5
7.8,0.6,0.502,1.24,2,31,37.1,0.99622,3.21,0.52,16.5,5
7.8,0.6,0.708,5.11,1.39,31,48,0.99622,3.21,0.52,17.3,5
7.8,0.6,2.62,1.59,0.528,31,47.1,0.99622,3.21,0.52,13.2,5
7.2,0.695,0.31,4.02,0.276,12,43.8,0.99546,3.29,0.54,13,5
7.2,0.695,0.969,2.95,1.78,12,48.4,0.99546,3.29,0.54,11.5,5
7.2,0.695,2.48,3.29,0.942,12,44.8,0.99546,3.29,0.54,7.72,5
6.7,0.67,2.07,5.68,1.61,26,39.7,0.99489,3.39,0.82,10.1,6
6.7,0.16,0.204,5.25,3.87,24,44.3,0.99494,3.34,0.71,6.11,6
7.2,0.695,0.454,9.7,2.2,12,48.3,0.99546,3.29,0.54,10.4,5
7,0.56,1.93,1.3,3.04,25,42.4,0.99629,3.34,0.59,2.24,5
6.2,0.51,3.16,7.4,3.92,15,51.6,0.99396,3.48,0.57,4.04,6
6.4,0.36,0.873,2.51,0.348,19,43.9,0.9934,3.37,0.93,9.15,6
6.4,0.38,0.346,0.661,0.536,15,44,0.99514,3.44,0.65,18.7,6
7.3,0.69,0.00642,0.831,1.36,35,51.2,0.99632,3.33,0.51,15.6,5
6,0.58,0.863,1.52,2.43,15,51.3,0.99467,3.58,0.67,15.2,6
5.6,0.31,2.86,4.32,4.31,23,49.5,0.99677,3.39,0.48,11.4,6
7.5,0.52,2.02,2.84,1.38,12,44.3,0.99474,3.26,0.64,23.9,6
8,0.3,0.718,0.482,2.24,16,46.4,0.99588,3.3,0.78,9.35,6
6.2,0.7,0.594,4.91,0.618,13,38,0.99622,3.54,0.6,19.8,6
6.8,0.67,1.59,5.71,2.69,13,54.4,0.9954,3.42,0.67,14.3,6
6.2,0.56,3.97,0.00333,0.226,24,41.2,0.99402,3.54,0.6,1.48,5
7.4,0.35,1.49,0.817,1.64,9,44.1,0.9947,3.36,0.6,5.9,6
6.2,0.56,2.44,0.397,4.72,24,38.6,0.99402,3.54,0.6,12.1,5
6.1,0.715,0.0389,1.73,2.43,13,42.1,0.99362,3.57,0.5,8.58,5
6.2,0.46,2.04,4.02,0.633,32,36.2,0.99578,3.33,0.62,1.75,5
6.7,0.32,1.71,1.2,0.638,24,44.5,0.99484,3.29,0.8,11.3,7
7.2,0.39,0.164,1.36,0.518,22,51.9,0.99494,3.3,0.84,15.2,6
7.5,0.31,1.66,0.32,0.822,34,43.5,0.99492,3.34,0.85,15,6
5.8,0.61,0.194,3.8,1.07,18,52.8,0.99483,3.55,0.66,8.29,6
7.2,0.66,2.38,1.58,2.11,34,44.3,0.99414,3.27,0.78,5.49,6
6.6,0.725,0.796,2.14,2.03,29,46,0.9977,3.29,0.54,9.86,5
6.3,0.55,0.0754,1.63,4,26,56.5,0.99314,3.32,0.82,10.7,6
5.4,0.74,0.814,2.05,4.35,16,49,0.99402,3.67,0.56,14.7,6
6.3,0.51,1.23,4.8,1.01,29,51.7,0.99574,3.42,0.75,8.82,6
6.8,0.62,1.85,1.12,1.34,28,42.7,0.99651,3.42,0.82,15,6
6.2,0.6,0.0804,0.59,1.44,32,45.9,0.9949,3.45,0.58,9.51,5
5.9,0.55,2.22,2.27,0.114,39,45.5,0.99512,3.52,0.76,10.4,6
6.3,0.51,1.31,2.99,1.51,29,43.8,0.99574,3.42,0.75,14.5,6
5.9,0.645,3.11,2.53,0.985,32,44.3,0.99547,3.57,0.71,18.9,5
6,0.31,2.53,2.19,2.07,18,51.1,0.99549,3.39,0.66,2.89,6
